date,SP500_close,SP500_close_yesterday,DVS_close,DVS_close_yesterday
5/12/2014,1896.650024,,50,
5/13/2014,1897.449951,1896.650024,50.11798357190214,50
5/14/2014,1888.530029,1897.449951,49.65703793220295,50.11798357190214
5/15/2014,1870.849976,1888.530029,49.49311459767864,49.65703793220295
5/16/2014,1877.859985,1870.849976,49.4169841126069,49.49311459767864
5/19/2014,1885.079956,1877.859985,49.61773168224601,49.4169841126069
5/20/2014,1872.829956,1885.079956,48.97591338815049,49.61773168224601
5/21/2014,1888.030029,1872.829956,49.32833860072297,48.97591338815049
5/22/2014,1892.48999,1888.030029,48.94666288134935,49.32833860072297
5/23/2014,1900.530029,1892.48999,49.21723322090418,48.94666288134935
5/27/2014,1911.910034,1900.530029,49.60718391777093,49.21723322090418
5/28/2014,1909.780029,1911.910034,49.74447084726433,49.60718391777093
5/29/2014,1920.030029,1909.780029,49.80398990622361,49.74447084726433
5/30/2014,1923.569946,1920.030029,50.02181138294994,49.80398990622361
6/2/2014,1924.969971,1923.569946,49.95054283692167,50.02181138294994
6/3/2014,1924.23999,1924.969971,49.63540930021509,49.95054283692167
6/4/2014,1927.880005,1924.23999,49.51421414019504,49.63540930021509
6/5/2014,1940.459961,1927.880005,49.55996736979773,49.51421414019504
6/6/2014,1949.439941,1940.459961,49.93420860737971,49.55996736979773
6/9/2014,1951.27002,1949.439941,49.64630186126565,49.93420860737971
6/10/2014,1950.790039,1951.27002,49.51962982103354,49.64630186126565
6/11/2014,1943.890015,1950.790039,49.74391501724222,49.51962982103354
6/12/2014,1930.109985,1943.890015,49.50106513610469,49.74391501724222
6/13/2014,1936.160034,1930.109985,49.46059696752371,49.50106513610469
6/16/2014,1937.780029,1936.160034,49.96382025703719,49.46059696752371
6/17/2014,1941.98999,1937.780029,49.84810886489592,49.96382025703719
6/18/2014,1956.97998,1941.98999,50.23152708749399,49.84810886489592
6/19/2014,1959.47998,1956.97998,50.11452954627029,50.23152708749399
6/20/2014,1962.869995,1959.47998,50.14476843733016,50.11452954627029
6/23/2014,1962.609985,1962.869995,49.85786344021515,50.14476843733016
6/24/2014,1949.97998,1962.609985,49.53243695387143,49.85786344021515
6/25/2014,1959.530029,1949.97998,49.55346316864137,49.53243695387143
6/26/2014,1957.219971,1959.530029,49.44413750689995,49.55346316864137
6/27/2014,1960.959961,1957.219971,49.6694927669577,49.44413750689995
6/30/2014,1960.22998,1960.959961,49.66363506425643,49.6694927669577
7/1/2014,1973.319946,1960.22998,50.01040727704477,49.66363506425643
7/2/2014,1974.619995,1973.319946,50.07028927191823,50.01040727704477
7/3/2014,1985.439941,1974.619995,50.31255930428438,50.07028927191823
7/7/2014,1977.650024,1985.439941,50.34358446882642,50.31255930428438
7/8/2014,1963.709961,1977.650024,49.96558147390599,50.34358446882642
7/9/2014,1972.829956,1963.709961,50.35440097491652,49.96558147390599
7/10/2014,1964.680054,1972.829956,50.65278159505972,50.35440097491652
7/11/2014,1967.569946,1964.680054,50.64837580706649,50.65278159505972
7/14/2014,1977.099976,1967.569946,51.10202930888876,50.64837580706649
7/15/2014,1973.280029,1977.099976,51.46926205968178,51.10202930888876
7/16/2014,1981.569946,1973.280029,52.0321940049204,51.46926205968178
7/17/2014,1958.119995,1981.569946,51.48882801304252,52.0321940049204
7/18/2014,1978.219971,1958.119995,52.24377782741961,51.48882801304252
7/21/2014,1973.630005,1978.219971,51.76531935071626,52.24377782741961
7/22/2014,1983.530029,1973.630005,52.33071380090024,51.76531935071626
7/23/2014,1987.01001,1983.530029,52.09181678833853,52.33071380090024
7/24/2014,1987.97998,1987.01001,52.38447136275303,52.09181678833853
7/25/2014,1978.339966,1987.97998,52.07514145322059,52.38447136275303
7/28/2014,1978.910034,1978.339966,52.48014216766749,52.07514145322059
7/29/2014,1969.949951,1978.910034,52.46823939494229,52.48014216766749
7/30/2014,1970.069946,1969.949951,52.36901677847165,52.46823939494229
7/31/2014,1930.670044,1970.069946,51.87900855509637,52.36901677847165
8/1/2014,1925.150024,1930.670044,51.74383142264966,51.87900855509637
8/4/2014,1938.98999,1925.150024,52.11544155321491,51.74383142264966
8/5/2014,1920.209961,1938.98999,51.74076423899233,52.11544155321491
8/6/2014,1920.23999,1920.209961,52.23280164930901,51.74076423899233
8/7/2014,1909.569946,1920.23999,52.51545673298279,52.23280164930901
8/8/2014,1931.589966,1909.569946,53.32311990126031,52.51545673298279
8/11/2014,1936.920044,1931.589966,53.74750976384793,53.32311990126031
8/12/2014,1933.75,1936.920044,53.67724044881501,53.74750976384793
8/13/2014,1946.719971,1933.75,54.1916499711734,53.67724044881501
8/14/2014,1955.180054,1946.719971,54.36135760483394,54.1916499711734
8/15/2014,1955.060059,1955.180054,54.40177037351658,54.36135760483394
8/18/2014,1971.73999,1955.060059,54.39577703636333,54.40177037351658
8/19/2014,1981.599976,1971.73999,54.39772371456711,54.39577703636333
8/20/2014,1986.51001,1981.599976,54.58891447105768,54.39772371456711
8/21/2014,1992.369995,1986.51001,54.69692022823232,54.58891447105768
8/22/2014,1988.400024,1992.369995,54.59316110401688,54.69692022823232
8/25/2014,1997.920044,1988.400024,54.89139084836706,54.59316110401688
8/26/2014,2000.02002,1997.920044,55.24277417302804,54.89139084836706
8/27/2014,2000.119995,2000.02002,55.19207855056602,55.24277417302804
8/28/2014,1996.73999,2000.119995,55.38616049900425,55.19207855056602
8/29/2014,2003.369995,1996.73999,55.66003037812258,55.38616049900425
9/2/2014,2002.280029,2003.369995,55.92184595014565,55.66003037812258
9/3/2014,2000.719971,2002.280029,55.89481222664202,55.92184595014565
9/4/2014,1997.650024,2000.719971,55.82296520419564,55.89481222664202
9/5/2014,2007.709961,1997.650024,55.89672184868962,55.82296520419564
9/8/2014,2001.540039,2007.709961,55.78015094429691,55.89672184868962
9/9/2014,1988.439941,2001.540039,55.09030273843392,55.78015094429691
9/10/2014,1995.689941,1988.439941,55.41347001806848,55.09030273843392
9/11/2014,1997.449951,1995.689941,55.59421981247155,55.41347001806848
9/12/2014,1985.540039,1997.449951,55.73224428432616,55.59421981247155
9/15/2014,1984.130005,1985.540039,55.54467992640648,55.73224428432616
9/16/2014,1998.97998,1984.130005,55.89614924217002,55.54467992640648
9/17/2014,2001.569946,1998.97998,55.9211731226838,55.89614924217002
9/18/2014,2011.359985,2001.569946,56.44270870381036,55.9211731226838
9/19/2014,2010.400024,2011.359985,56.30536276605815,56.44270870381036
9/22/2014,1994.290039,2010.400024,56.28691494626352,56.30536276605815
9/23/2014,1982.77002,1994.290039,56.1922316922041,56.28691494626352
9/24/2014,1998.300049,1982.77002,56.57866083698145,56.1922316922041
9/25/2014,1965.98999,1998.300049,56.03118265057483,56.57866083698145
9/26/2014,1982.849976,1965.98999,55.98095529917702,56.03118265057483
9/29/2014,1977.800049,1982.849976,56.06157678076813,55.98095529917702
9/30/2014,1972.290039,1977.800049,55.64479036559366,56.06157678076813
10/1/2014,1946.160034,1972.290039,54.66123670120184,55.64479036559366
10/2/2014,1946.170044,1946.160034,54.6706020446147,54.66123670120184
10/3/2014,1967.900024,1946.170044,55.00686778218167,54.6706020446147
10/6/2014,1964.819946,1967.900024,55.13026401823643,55.00686778218167
10/7/2014,1935.099976,1964.819946,54.66307715411055,55.13026401823643
10/8/2014,1968.890015,1935.099976,55.83975180494596,54.66307715411055
10/9/2014,1928.209961,1968.890015,55.02930152482905,55.83975180494596
10/10/2014,1906.130005,1928.209961,54.55185670117147,55.02930152482905
10/13/2014,1874.73999,1906.130005,53.44913376689015,54.55185670117147
10/14/2014,1877.699951,1874.73999,53.64087237489523,53.44913376689015
10/15/2014,1862.48999,1877.699951,52.88825525564828,53.64087237489523
10/16/2014,1862.76001,1862.48999,52.83375437380919,52.88825525564828
10/17/2014,1886.76001,1862.76001,53.16364703794017,52.83375437380919
10/20/2014,1904.01001,1886.76001,53.48838368737675,53.16364703794017
10/21/2014,1941.280029,1904.01001,53.80846743823884,53.48838368737675
10/22/2014,1927.109985,1941.280029,53.72513675230515,53.80846743823884
10/23/2014,1950.819946,1927.109985,54.22989098863927,53.72513675230515
10/24/2014,1964.579956,1950.819946,54.28005429962312,54.22989098863927
10/27/2014,1961.630005,1964.579956,54.10784620638657,54.28005429962312
10/28/2014,1985.050049,1961.630005,54.92570534648047,54.10784620638657
10/29/2014,1982.300049,1985.050049,54.65477906704086,54.92570534648047
10/30/2014,1994.650024,1982.300049,55.08280569685226,54.65477906704086
10/31/2014,2018.050049,1994.650024,55.59959018827371,55.08280569685226
11/3/2014,2017.810059,2018.050049,55.79225871971738,55.59959018827371
11/4/2014,2012.099976,2017.810059,55.7158059441975,55.79225871971738
11/5/2014,2023.569946,2012.099976,56.2990510744003,55.7158059441975
11/6/2014,2031.209961,2023.569946,56.51023465692873,56.2990510744003
11/7/2014,2031.920044,2031.209961,56.31324122939437,56.51023465692873
11/10/2014,2038.26001,2031.920044,56.67037016457976,56.31324122939437
11/11/2014,2039.680054,2038.26001,57.15954558654305,56.67037016457976
11/12/2014,2038.25,2039.680054,57.02459402939205,57.15954558654305
11/13/2014,2039.329956,2038.25,57.22312307928375,57.02459402939205
11/14/2014,2039.819946,2039.329956,57.46725437994707,57.22312307928375
11/17/2014,2041.319946,2039.819946,57.34150219089602,57.46725437994707
11/18/2014,2051.800049,2041.319946,57.40025019774723,57.34150219089602
11/19/2014,2048.719971,2051.800049,57.41434907902991,57.40025019774723
11/20/2014,2052.75,2048.719971,57.6316257319644,57.41434907902991
11/21/2014,2063.5,2052.75,57.84764863540447,57.6316257319644
11/24/2014,2069.409912,2063.5,57.71402246497048,57.84764863540447
11/25/2014,2067.030029,2069.409912,57.65031906651917,57.71402246497048
11/26/2014,2072.830078,2067.030029,57.39935367743207,57.65031906651917
11/28/2014,2067.560059,2072.830078,56.80349502982583,57.39935367743207
12/1/2014,2053.439941,2067.560059,56.53794766905356,56.80349502982583
12/2/2014,2066.550049,2053.439941,57.06348906285482,56.53794766905356
12/3/2014,2074.330078,2066.550049,56.92397702577356,57.06348906285482
12/4/2014,2071.919922,2074.330078,57.2148469655315,56.92397702577356
12/5/2014,2075.370117,2071.919922,57.50333148989967,57.2148469655315
12/8/2014,2060.310059,2075.370117,57.13116551424157,57.50333148989967
12/9/2014,2059.820068,2060.310059,57.33245567837196,57.13116551424157
12/10/2014,2026.140015,2059.820068,56.51585863832874,57.33245567837196
12/11/2014,2035.329956,2026.140015,57.2228007933761,56.51585863832874
12/12/2014,2002.329956,2035.329956,56.28850137674252,57.2228007933761
12/15/2014,1989.630005,2002.329956,56.43379038096968,56.28850137674252
12/16/2014,1972.73999,1989.630005,56.11891587611474,56.43379038096968
12/17/2014,2012.890015,1972.73999,56.38464276163093,56.11891587611474
12/18/2014,2061.22998,2012.890015,57.41846096044969,56.38464276163093
12/19/2014,2070.649902,2061.22998,57.70398979442972,57.41846096044969
12/22/2014,2078.540039,2070.649902,57.32075400553694,57.70398979442972
12/23/2014,2082.169922,2078.540039,56.91464292257159,57.32075400553694
12/24/2014,2081.879883,2082.169922,56.8217245231464,56.91464292257159
12/26/2014,2088.77002,2081.879883,57.36656767348087,56.8217245231464
12/29/2014,2090.570068,2088.77002,57.32600316277841,57.36656767348087
12/30/2014,2080.350098,2090.570068,56.98752999598634,57.32600316277841
12/31/2014,2058.899902,2080.350098,56.44351291820728,56.98752999598634
1/2/2015,2058.199951,2058.899902,55.97672912276575,56.44351291820728
1/5/2015,2020.579956,2058.199951,55.26191729706538,55.97672912276575
1/6/2015,2002.609985,2020.579956,54.48088955346162,55.26191729706538
1/7/2015,2025.900024,2002.609985,54.98139950064413,54.48088955346162
1/8/2015,2062.139893,2025.900024,55.50812488027508,54.98139950064413
1/9/2015,2044.810059,2062.139893,55.06770017793657,55.50812488027508
1/12/2015,2028.26001,2044.810059,55.07289572098286,55.06770017793657
1/13/2015,2023.030029,2028.26001,55.48629872803406,55.07289572098286
1/14/2015,2011.27002,2023.030029,55.37900898397151,55.48629872803406
1/15/2015,1992.670044,2011.27002,55.08790255976155,55.37900898397151
1/16/2015,2019.420044,1992.670044,55.81428330522109,55.08790255976155
1/20/2015,2022.550049,2019.420044,55.78963988823611,55.81428330522109
1/21/2015,2032.119995,2022.550049,55.98199248762827,55.78963988823611
1/22/2015,2063.149902,2032.119995,56.48821769363166,55.98199248762827
1/23/2015,2051.820068,2063.149902,56.16575575799489,56.48821769363166
1/26/2015,2057.090088,2051.820068,56.23164878933445,56.16575575799489
1/27/2015,2029.550049,2057.090088,55.92875496050919,56.23164878933445
1/28/2015,2002.160034,2029.550049,55.44598328227992,55.92875496050919
1/29/2015,2021.25,2002.160034,55.76873864221137,55.44598328227992
1/30/2015,1994.98999,2021.25,55.41378779144404,55.76873864221137
2/2/2015,2020.849976,1994.98999,55.96079544548419,55.41378779144404
2/3/2015,2050.030029,2020.849976,56.55231496816835,55.96079544548419
2/4/2015,2041.51001,2050.030029,56.18326439988984,56.55231496816835
2/5/2015,2062.52002,2041.51001,56.57681189760135,56.18326439988984
2/6/2015,2055.469971,2062.52002,56.10630554911236,56.57681189760135
2/9/2015,2046.73999,2055.469971,55.84139856903751,56.10630554911236
2/10/2015,2068.590088,2046.73999,56.82259613690184,55.84139856903751
2/11/2015,2068.530029,2068.590088,56.33034948099303,56.82259613690184
2/12/2015,2088.47998,2068.530029,56.48792683309241,56.33034948099303
2/13/2015,2096.98999,2088.47998,56.7468497872494,56.48792683309241
2/17/2015,2100.340088,2096.98999,56.73948785956814,56.7468497872494
2/18/2015,2099.679932,2100.340088,56.47768643037087,56.73948785956814
2/19/2015,2097.449951,2099.679932,56.41915763690651,56.47768643037087
2/20/2015,2110.300049,2097.449951,56.43355502799914,56.41915763690651
2/23/2015,2109.659912,2110.300049,56.53694676260352,56.43355502799914
2/24/2015,2115.47998,2109.659912,56.81186454922106,56.53694676260352
2/25/2015,2113.860107,2115.47998,56.80451338150842,56.81186454922106
2/26/2015,2110.73999,2113.860107,56.41858822240062,56.80451338150842
2/27/2015,2104.5,2110.73999,56.49200386055299,56.41858822240062
3/2/2015,2117.389893,2104.5,56.55828517568965,56.49200386055299
3/3/2015,2107.780029,2117.389893,55.94733475724387,56.55828517568965
3/4/2015,2098.530029,2107.780029,55.53933925350755,55.94733475724387
3/5/2015,2101.040039,2098.530029,55.59699527999494,55.53933925350755
3/6/2015,2071.26001,2101.040039,55.12561471809199,55.59699527999494
3/9/2015,2079.429932,2071.26001,54.81427651430337,55.12561471809199
3/10/2015,2044.160034,2079.429932,54.01682906259198,54.81427651430337
3/11/2015,2040.23999,2044.160034,54.1369145091613,54.01682906259198
3/12/2015,2065.949951,2040.23999,54.45171756877283,54.1369145091613
3/13/2015,2053.399902,2065.949951,54.26522161788407,54.45171756877283
3/16/2015,2081.189941,2053.399902,55.05808234092105,54.26522161788407
3/17/2015,2074.280029,2081.189941,55.37451851594694,55.05808234092105
3/18/2015,2099.5,2074.280029,56.29931164033921,55.37451851594694
3/19/2015,2089.27002,2099.5,56.049090871004,56.29931164033921
3/20/2015,2108.100098,2089.27002,56.70464480608582,56.049090871004
3/23/2015,2104.419922,2108.100098,56.18443296535916,56.70464480608582
3/24/2015,2091.5,2104.419922,55.91620552051268,56.18443296535916
3/25/2015,2061.050049,2091.5,55.19381873909089,55.91620552051268
3/26/2015,2056.149902,2061.050049,55.14734819395052,55.19381873909089
3/27/2015,2061.02002,2056.149902,55.73809069590848,55.14734819395052
3/30/2015,2086.23999,2061.02002,56.05418007330697,55.73809069590848
3/31/2015,2067.889893,2086.23999,55.30420451839097,56.05418007330697
4/1/2015,2059.689941,2067.889893,55.05175654358863,55.30420451839097
4/2/2015,2066.959961,2059.689941,55.41177301006953,55.05175654358863
4/6/2015,2080.620117,2066.959961,55.917212014364,55.41177301006953
4/7/2015,2076.330078,2080.620117,55.70903374814109,55.917212014364
4/8/2015,2081.899902,2076.330078,56.27134205652651,55.70903374814109
4/9/2015,2091.179932,2081.899902,56.07310251891503,56.27134205652651
4/10/2015,2102.060059,2091.179932,56.45362116324421,56.07310251891503
4/13/2015,2092.429932,2102.060059,56.11317629110253,56.45362116324421
4/14/2015,2095.840088,2092.429932,56.26795550106215,56.11317629110253
4/15/2015,2106.629883,2095.840088,56.45973521036525,56.26795550106215
4/16/2015,2104.98999,2106.629883,56.32583279246419,56.45973521036525
4/17/2015,2081.179932,2104.98999,56.06314128321723,56.32583279246419
4/20/2015,2100.399902,2081.179932,56.66300316232746,56.06314128321723
4/21/2015,2097.290039,2100.399902,56.56654497880089,56.66300316232746
4/22/2015,2107.959961,2097.290039,56.367167953421,56.56654497880089
4/23/2015,2112.929932,2107.959961,57.20221753880873,56.367167953421
4/24/2015,2117.689941,2112.929932,57.06348217881173,57.20221753880873
4/27/2015,2108.919922,2117.689941,57.63576586926384,57.06348217881173
4/28/2015,2114.76001,2108.919922,57.47624830333287,57.63576586926384
4/29/2015,2106.850098,2114.76001,57.42017083718812,57.47624830333287
4/30/2015,2085.51001,2106.850098,56.45333810561923,57.42017083718812
5/1/2015,2108.290039,2085.51001,56.80750362084968,56.45333810561923
5/4/2015,2114.48999,2108.290039,57.28745280918677,56.80750362084968
5/5/2015,2089.459961,2114.48999,56.60972195272854,57.28745280918677
5/6/2015,2080.149902,2089.459961,56.35497529776219,56.60972195272854
5/7/2015,2088,2080.149902,56.89264582426476,56.35497529776219
5/8/2015,2116.100098,2088,57.45663549228425,56.89264582426476
5/11/2015,2105.330078,2116.100098,57.46418854491133,57.45663549228425
5/12/2015,2099.120117,2105.330078,57.59038972250134,57.46418854491133
5/13/2015,2098.47998,2099.120117,57.99838695437077,57.59038972250134
5/14/2015,2121.100098,2098.47998,59.0699119008048,57.99838695437077
5/15/2015,2122.72998,2121.100098,59.16993271772164,59.0699119008048
5/18/2015,2129.199951,2122.72998,59.8038586003471,59.16993271772164
5/19/2015,2127.830078,2129.199951,59.81173045241442,59.8038586003471
5/20/2015,2125.850098,2127.830078,59.38683705516311,59.81173045241442
5/21/2015,2130.820068,2125.850098,59.1741335222633,59.38683705516311
5/22/2015,2126.060059,2130.820068,58.86586750331761,59.1741335222633
5/26/2015,2104.199951,2126.060059,58.46966873591302,58.86586750331761
5/27/2015,2123.47998,2104.199951,58.66838622841333,58.46966873591302
5/28/2015,2120.790039,2123.47998,59.16245220687131,58.66838622841333
5/29/2015,2107.389893,2120.790039,58.95010255261231,59.16245220687131
6/1/2015,2111.72998,2107.389893,58.7533834219259,58.95010255261231
6/2/2015,2109.600098,2111.72998,58.87657445199243,58.7533834219259
6/3/2015,2114.070068,2109.600098,58.48159591087914,58.87657445199243
6/4/2015,2095.840088,2114.070068,58.1604363142327,58.48159591087914
6/5/2015,2092.830078,2095.840088,57.75008215646609,58.1604363142327
6/8/2015,2079.280029,2092.830078,57.65248148996932,57.75008215646609
6/9/2015,2080.149902,2079.280029,57.82946057447907,57.65248148996932
6/10/2015,2105.199951,2080.149902,58.62265941485198,57.82946057447907
6/11/2015,2108.860107,2105.199951,58.26314445743484,58.62265941485198
6/12/2015,2094.110107,2108.860107,58.27739989681549,58.26314445743484
6/15/2015,2084.429932,2094.110107,58.23120248563374,58.27739989681549
6/16/2015,2096.290039,2084.429932,58.32387494210622,58.23120248563374
6/17/2015,2100.439941,2096.290039,58.45219250856474,58.32387494210622
6/18/2015,2121.23999,2100.439941,58.65025815113206,58.45219250856474
6/19/2015,2109.98999,2121.23999,58.22132426153483,58.65025815113206
6/22/2015,2122.850098,2109.98999,58.60488862908034,58.22132426153483
6/23/2015,2124.199951,2122.850098,58.49265830569972,58.60488862908034
6/24/2015,2108.580078,2124.199951,58.07523605152557,58.49265830569972
6/25/2015,2102.310059,2108.580078,57.61349931369681,58.07523605152557
6/26/2015,2101.48999,2102.310059,57.27556233218299,57.61349931369681
6/29/2015,2057.639893,2101.48999,56.4981724218311,57.27556233218299
6/30/2015,2063.110107,2057.639893,56.53544687318313,56.4981724218311
7/1/2015,2077.419922,2063.110107,56.91768664923743,56.53544687318313
7/2/2015,2076.780029,2077.419922,57.06062002780039,56.91768664923743
7/6/2015,2068.76001,2076.780029,57.43824574060916,57.06062002780039
7/7/2015,2081.340088,2068.76001,57.37885841765776,57.43824574060916
7/8/2015,2046.680054,2081.340088,56.27121522423324,57.37885841765776
7/9/2015,2051.310059,2046.680054,56.1702073807761,56.27121522423324
7/10/2015,2076.620117,2051.310059,56.69944417828938,56.1702073807761
7/13/2015,2099.600098,2076.620117,56.91439651256312,56.69944417828938
7/14/2015,2108.949951,2099.600098,57.41873387319251,56.91439651256312
7/15/2015,2107.399902,2108.949951,57.6005033233138,57.41873387319251
7/16/2015,2124.290039,2107.399902,58.15342321866797,57.6005033233138
7/17/2015,2126.639893,2124.290039,58.09980030363483,58.15342321866797
7/20/2015,2128.280029,2126.639893,58.55072667540509,58.09980030363483
7/21/2015,2119.209961,2128.280029,58.01843618421531,58.55072667540509
7/22/2015,2114.149902,2119.209961,57.9151617026109,58.01843618421531
7/23/2015,2102.149902,2114.149902,57.7901499419181,57.9151617026109
7/24/2015,2079.649902,2102.149902,57.6849402267169,57.7901499419181
7/27/2015,2067.639893,2079.649902,57.37303662247388,57.6849402267169
7/28/2015,2093.25,2067.639893,57.73906874481019,57.37303662247388
7/29/2015,2108.570068,2093.25,58.52054506197837,57.73906874481019
7/30/2015,2108.629883,2108.570068,58.44947031423138,58.52054506197837
7/31/2015,2103.840088,2108.629883,58.47959016431018,58.44947031423138
8/3/2015,2098.040039,2103.840088,58.7487845647029,58.47959016431018
8/4/2015,2093.320068,2098.040039,58.49489717064001,58.7487845647029
8/5/2015,2099.840088,2093.320068,58.46243061713744,58.49489717064001
8/6/2015,2083.560059,2099.840088,58.3194017594899,58.46243061713744
8/7/2015,2077.570068,2083.560059,57.76139736825359,58.3194017594899
8/10/2015,2104.179932,2077.570068,57.65121089686695,57.76139736825359
8/11/2015,2084.070068,2104.179932,57.19006871959474,57.65121089686695
8/12/2015,2086.050049,2084.070068,57.43618974933826,57.19006871959474
8/13/2015,2083.389893,2086.050049,57.46218066335767,57.43618974933826
8/14/2015,2091.540039,2083.389893,57.08025897188441,57.46218066335767
8/17/2015,2102.439941,2091.540039,57.3909221157673,57.08025897188441
8/18/2015,2096.919922,2102.439941,57.69578325306761,57.3909221157673
8/19/2015,2079.610107,2096.919922,56.93557890113465,57.69578325306761
8/20/2015,2035.72998,2079.610107,55.64269931624703,56.93557890113465
8/21/2015,1970.890015,2035.72998,54.06003784138258,55.64269931624703
8/24/2015,1893.209961,1970.890015,52.40650038882652,54.06003784138258
8/25/2015,1867.609985,1893.209961,51.5869371384012,52.40650038882652
8/26/2015,1940.51001,1867.609985,53.97349739466432,51.5869371384012
8/27/2015,1987.660034,1940.51001,55.14042268865921,53.97349739466432
8/28/2015,1988.869995,1987.660034,54.88338123451119,55.14042268865921
8/31/2015,1972.180054,1988.869995,54.62705138351996,54.88338123451119
9/1/2015,1913.849976,1972.180054,53.09772518767306,54.62705138351996
9/2/2015,1948.859985,1913.849976,54.01202696782144,53.09772518767306
9/3/2015,1951.130005,1948.859985,54.2391838746074,54.01202696782144
9/4/2015,1921.219971,1951.130005,53.35066769150712,54.2391838746074
9/8/2015,1969.410034,1921.219971,54.23240535241931,53.35066769150712
9/9/2015,1942.040039,1969.410034,53.25434665285731,54.23240535241931
9/10/2015,1952.290039,1942.040039,53.24924528041261,53.25434665285731
9/11/2015,1961.050049,1952.290039,53.3491779467282,53.24924528041261
9/14/2015,1953.030029,1961.050049,52.81964271810988,53.3491779467282
9/15/2015,1978.089966,1953.030029,53.06579872205917,52.81964271810988
9/16/2015,1995.310059,1978.089966,53.62974039699284,53.06579872205917
9/17/2015,1990.199951,1995.310059,53.45161190814817,53.62974039699284
9/18/2015,1958.030029,1990.199951,52.90974213450858,53.45161190814817
9/21/2015,1966.969971,1958.030029,53.2749757118306,52.90974213450858
9/22/2015,1942.73999,1966.969971,52.72448723596597,53.2749757118306
9/23/2015,1938.76001,1942.73999,52.10268417259111,52.72448723596597
9/24/2015,1932.23999,1938.76001,52.25013811255788,52.10268417259111
9/25/2015,1931.339966,1932.23999,52.36578995625204,52.25013811255788
9/28/2015,1881.77002,1931.339966,50.8441071991691,52.36578995625204
9/29/2015,1884.089966,1881.77002,50.84729402690482,50.8441071991691
9/30/2015,1920.030029,1884.089966,51.78061407273205,50.84729402690482
10/1/2015,1923.819946,1920.030029,51.51780700767074,51.78061407273205
10/2/2015,1951.359985,1923.819946,52.04075582532771,51.51780700767074
10/5/2015,1987.050049,1951.359985,52.90685926424071,52.04075582532771
10/6/2015,1979.920044,1987.050049,52.68866643837631,52.90685926424071
10/7/2015,1995.829956,1979.920044,52.87339843374406,52.68866643837631
10/8/2015,2013.430054,1995.829956,52.74527663604822,52.87339843374406
10/9/2015,2014.890015,2013.430054,52.58702978216002,52.74527663604822
10/12/2015,2017.459961,2014.890015,52.41912492256556,52.58702978216002
10/13/2015,2003.689941,2017.459961,52.33989908407472,52.41912492256556
10/14/2015,1994.23999,2003.689941,51.9197720457522,52.33989908407472
10/15/2015,2023.859985,1994.23999,52.36537415267743,51.9197720457522
10/16/2015,2033.109985,2023.859985,52.83423661062175,52.36537415267743
10/19/2015,2033.660034,2033.109985,52.89611957712042,52.83423661062175
10/20/2015,2030.77002,2033.660034,52.51281295672819,52.89611957712042
10/21/2015,2018.939941,2030.77002,52.17489103309935,52.51281295672819
10/22/2015,2052.51001,2018.939941,53.14659466012019,52.17489103309935
10/23/2015,2075.149902,2052.51001,53.42189631821942,53.14659466012019
10/26/2015,2071.179932,2075.149902,53.14672230705948,53.42189631821942
10/27/2015,2065.889893,2071.179932,53.14853450202725,53.14672230705948
10/28/2015,2090.350098,2065.889893,53.91218847693117,53.14853450202725
10/29/2015,2089.409912,2090.350098,54.27005859745214,53.91218847693117
10/30/2015,2079.360107,2089.409912,54.34192952527404,54.27005859745214
11/2/2015,2104.050049,2079.360107,54.89166222240341,54.34192952527404
11/3/2015,2109.790039,2104.050049,55.30703874302708,54.89166222240341
11/4/2015,2102.310059,2109.790039,55.02332580688889,55.30703874302708
11/5/2015,2099.929932,2102.310059,54.81748854622095,55.02332580688889
11/6/2015,2099.199951,2099.929932,54.50802547876001,54.81748854622095
11/9/2015,2078.580078,2099.199951,53.717188961297,54.50802547876001
11/10/2015,2081.719971,2078.580078,53.84711426015618,53.717188961297
11/11/2015,2075,2081.719971,53.52045238408107,53.84711426015618
11/12/2015,2045.969971,2075,52.96056302850127,53.52045238408107
11/13/2015,2023.040039,2045.969971,52.77202031591818,52.96056302850127
11/16/2015,2053.189941,2023.040039,52.87090963294285,52.77202031591818
11/17/2015,2050.439941,2053.189941,52.68758306072728,52.87090963294285
11/18/2015,2083.580078,2050.439941,53.42647008185354,52.68758306072728
11/19/2015,2081.23999,2083.580078,52.89219492053876,53.42647008185354
11/20/2015,2089.169922,2081.23999,53.00795614203096,52.89219492053876
11/23/2015,2086.590088,2089.169922,52.98446942427503,53.00795614203096
11/24/2015,2089.139893,2086.590088,53.07300660758651,52.98446942427503
11/25/2015,2088.870117,2089.139893,52.77436838522696,53.07300660758651
11/27/2015,2090.110107,2088.870117,52.94117873327904,52.77436838522696
11/30/2015,2080.409912,2090.110107,53.14940697273775,52.94117873327904
12/1/2015,2102.629883,2080.409912,53.64662468598302,53.14940697273775
12/2/2015,2079.51001,2102.629883,53.25937903595041,53.64662468598302
12/3/2015,2049.620117,2079.51001,52.54984396542614,53.25937903595041
12/4/2015,2091.689941,2049.620117,53.37668574614211,52.54984396542614
12/7/2015,2077.070068,2091.689941,53.23870106838653,53.37668574614211
12/8/2015,2063.590088,2077.070068,52.68340860571327,53.23870106838653
12/9/2015,2047.619995,2063.590088,52.2614423243339,52.68340860571327
12/10/2015,2052.22998,2047.619995,52.81646633278872,52.2614423243339
12/11/2015,2012.369995,2052.22998,52.06443151480455,52.81646633278872
12/14/2015,2021.939941,2012.369995,51.96810670786149,52.06443151480455
12/15/2015,2043.410034,2021.939941,52.47545856712163,51.96810670786149
12/16/2015,2073.070068,2043.410034,52.89517896536929,52.47545856712163
12/17/2015,2041.890015,2073.070068,53.10874517655068,52.89517896536929
12/18/2015,2005.550049,2041.890015,52.27878272930325,53.10874517655068
12/21/2015,2021.150024,2005.550049,52.86167331491136,52.27878272930325
12/22/2015,2038.969971,2021.150024,53.77128300598782,52.86167331491136
12/23/2015,2064.290039,2038.969971,54.16612294701637,53.77128300598782
12/24/2015,2060.98999,2064.290039,54.18351867977507,54.16612294701637
12/28/2015,2056.5,2060.98999,53.95126422968782,54.18351867977507
12/29/2015,2078.360107,2056.5,54.64164061443819,53.95126422968782
12/30/2015,2063.360107,2078.360107,54.07489452807763,54.64164061443819
12/31/2015,2043.939941,2063.360107,53.49706479593255,54.07489452807763
1/4/2016,2012.660034,2043.939941,53.06438624141798,53.49706479593255
1/5/2016,2016.709961,2012.660034,52.95504039007727,53.06438624141798
1/6/2016,1990.26001,2016.709961,52.51898694222874,52.95504039007727
1/7/2016,1943.089966,1990.26001,51.48598668633035,52.51898694222874
1/8/2016,1922.030029,1943.089966,51.45777649288154,51.48598668633035
1/11/2016,1923.670044,1922.030029,51.62559225070692,51.45777649288154
1/12/2016,1938.680054,1923.670044,52.27878685796146,51.62559225070692
1/13/2016,1890.280029,1938.680054,51.26966856913838,52.27878685796146
1/14/2016,1921.839966,1890.280029,51.62217626774388,51.26966856913838
1/15/2016,1880.329956,1921.839966,50.23993621553867,51.62217626774388
1/19/2016,1881.329956,1880.329956,50.41356183017489,50.23993621553867
1/20/2016,1859.329956,1881.329956,49.96739272531305,50.41356183017489
1/21/2016,1868.98999,1859.329956,50.06506257023455,49.96739272531305
1/22/2016,1906.900024,1868.98999,50.62980902979044,50.06506257023455
1/25/2016,1877.079956,1906.900024,50.23849486845754,50.62980902979044
1/26/2016,1903.630005,1877.079956,50.95562530245714,50.23849486845754
1/27/2016,1882.949951,1903.630005,50.54785008987725,50.95562530245714
1/28/2016,1893.359985,1882.949951,50.74615288407865,50.54785008987725
1/29/2016,1940.23999,1893.359985,51.49376039941358,50.74615288407865
2/1/2016,1939.380005,1940.23999,51.53333571007317,51.49376039941358
2/2/2016,1903.030029,1939.380005,50.86672183533636,51.53333571007317
2/3/2016,1912.530029,1903.030029,51.60048764414803,50.86672183533636
2/4/2016,1915.449951,1912.530029,51.36349918644652,51.60048764414803
2/5/2016,1880.050049,1915.449951,50.60387398194201,51.36349918644652
2/8/2016,1853.439941,1880.050049,50.34140988102921,50.60387398194201
2/9/2016,1852.209961,1853.439941,50.51503165980417,50.34140988102921
2/10/2016,1851.859985,1852.209961,50.46404142340683,50.51503165980417
2/11/2016,1829.079956,1851.859985,50.50367651538575,50.46404142340683
2/12/2016,1864.780029,1829.079956,51.31359421789004,50.50367651538575
2/16/2016,1895.579956,1864.780029,51.71756775664982,51.31359421789004
2/17/2016,1926.819946,1895.579956,52.58241485668847,51.71756775664982
2/18/2016,1917.829956,1926.819946,52.23940844099887,52.58241485668847
2/19/2016,1917.780029,1917.829956,52.07051329279902,52.23940844099887
2/22/2016,1945.5,1917.780029,52.76787830319626,52.07051329279902
2/23/2016,1921.27002,1945.5,52.07082523310134,52.76787830319626
2/24/2016,1929.800049,1921.27002,52.29560819244334,52.07082523310134
2/25/2016,1951.699951,1929.800049,52.62276276502678,52.29560819244334
2/26/2016,1948.050049,1951.699951,52.46080000761972,52.62276276502678
2/29/2016,1932.22998,1948.050049,52.10843599283355,52.46080000761972
3/1/2016,1978.349976,1932.22998,52.71567315516171,52.10843599283355
3/2/2016,1986.449951,1978.349976,52.50565433251301,52.71567315516171
3/3/2016,1993.400024,1986.449951,52.53864315570228,52.50565433251301
3/4/2016,1999.98999,1993.400024,52.74761948431513,52.53864315570228
3/7/2016,2001.76001,1999.98999,52.98673701932334,52.74761948431513
3/8/2016,1979.26001,2001.76001,52.19195289051894,52.98673701932334
3/9/2016,1989.26001,1979.26001,52.4686074073123,52.19195289051894
3/10/2016,1989.569946,1989.26001,51.82275743580035,52.4686074073123
3/11/2016,2022.189941,1989.569946,52.23639622362249,51.82275743580035
3/14/2016,2019.640015,2022.189941,51.93772849758282,52.23639622362249
3/15/2016,2015.930054,2019.640015,51.82524800613017,51.93772849758282
3/16/2016,2027.219971,2015.930054,51.93209221672175,51.82524800613017
3/17/2016,2040.589966,2027.219971,51.90274541377656,51.93209221672175
3/18/2016,2049.580078,2040.589966,52.50721307580937,51.90274541377656
3/21/2016,2051.600098,2049.580078,52.8094253650466,52.50721307580937
3/22/2016,2049.800049,2051.600098,52.94829537974655,52.8094253650466
3/23/2016,2036.709961,2049.800049,52.62067110025812,52.94829537974655
3/24/2016,2035.939941,2036.709961,52.21946999017023,52.62067110025812
3/28/2016,2037.050049,2035.939941,52.57241609366576,52.21946999017023
3/29/2016,2055.01001,2037.050049,53.13339550989193,52.57241609366576
3/30/2016,2063.949951,2055.01001,53.26735735020675,53.13339550989193
3/31/2016,2059.73999,2063.949951,53.00565977366161,53.26735735020675
4/1/2016,2072.780029,2059.73999,53.68436478013242,53.00565977366161
4/4/2016,2066.129883,2072.780029,53.6313262509646,53.68436478013242
4/5/2016,2045.170044,2066.129883,53.33385106390977,53.6313262509646
4/6/2016,2066.659912,2045.170044,54.20417641468027,53.33385106390977
4/7/2016,2041.910034,2066.659912,53.84912492237405,54.20417641468027
4/8/2016,2047.599976,2041.910034,54.510434136307,53.84912492237405
4/11/2016,2041.98999,2047.599976,54.48737955661409,54.510434136307
4/12/2016,2061.719971,2041.98999,54.67792591326456,54.48737955661409
4/13/2016,2082.419922,2061.719971,55.06458157729011,54.67792591326456
4/14/2016,2082.780029,2082.419922,54.91078262818387,55.06458157729011
4/15/2016,2080.72998,2082.780029,54.30643654122894,54.91078262818387
4/18/2016,2094.340088,2080.72998,54.56907713088854,54.30643654122894
4/19/2016,2100.800049,2094.340088,54.39723600713393,54.56907713088854
4/20/2016,2102.399902,2100.800049,54.37991614511363,54.39723600713393
4/21/2016,2091.47998,2102.399902,54.09356523787622,54.37991614511363
4/22/2016,2091.580078,2091.47998,54.05950317795164,54.09356523787622
4/25/2016,2087.790039,2091.580078,54.16513517562735,54.05950317795164
4/26/2016,2091.699951,2087.790039,54.00983704441914,54.16513517562735
4/27/2016,2095.149902,2091.699951,54.42524247341482,54.00983704441914
4/28/2016,2075.810059,2095.149902,53.8298567094734,54.42524247341482
4/29/2016,2065.300049,2075.810059,53.26896954733973,53.8298567094734
5/2/2016,2081.429932,2065.300049,53.64471110692644,53.26896954733973
5/3/2016,2063.370117,2081.429932,53.16132670676959,53.64471110692644
5/4/2016,2051.120117,2063.370117,53.09527186689223,53.16132670676959
5/5/2016,2050.629883,2051.120117,53.18739647551633,53.09527186689223
5/6/2016,2057.139893,2050.629883,53.64177554501497,53.18739647551633
5/9/2016,2058.689941,2057.139893,53.79892133631655,53.64177554501497
5/10/2016,2084.389893,2058.689941,54.30100616331686,53.79892133631655
5/11/2016,2064.459961,2084.389893,53.63787500737089,54.30100616331686
5/12/2016,2064.110107,2064.459961,53.41533810800044,53.63787500737089
5/13/2016,2046.609985,2064.110107,53.25045528292568,53.41533810800044
5/16/2016,2066.659912,2046.609985,53.77022176454113,53.25045528292568
5/17/2016,2047.209961,2066.659912,53.05017610026238,53.77022176454113
5/18/2016,2047.630005,2047.209961,53.15648335762076,53.05017610026238
5/19/2016,2040.040039,2047.630005,53.22453299461794,53.15648335762076
5/20/2016,2052.320068,2040.040039,53.93224115077685,53.22453299461794
5/23/2016,2048.040039,2052.320068,54.22236719104549,53.93224115077685
5/24/2016,2076.060059,2048.040039,54.76824576008973,54.22236719104549
5/25/2016,2090.540039,2076.060059,55.35149701853318,54.76824576008973
5/26/2016,2090.100098,2090.540039,55.01133994543501,55.35149701853318
5/27/2016,2099.060059,2090.100098,55.72323214784881,55.01133994543501
5/31/2016,2096.949951,2099.060059,55.85611746231513,55.72323214784881
6/1/2016,2099.330078,2096.949951,56.23916692989882,55.85611746231513
6/2/2016,2105.26001,2099.330078,56.92411909715862,56.23916692989882
6/3/2016,2099.129883,2105.26001,56.84316241603298,56.92411909715862
6/6/2016,2109.409912,2099.129883,57.15278681254024,56.84316241603298
6/7/2016,2112.129883,2109.409912,57.19220818394687,57.15278681254024
6/8/2016,2119.120117,2112.129883,57.0614459426912,57.19220818394687
6/9/2016,2115.47998,2119.120117,56.34345302352034,57.0614459426912
6/10/2016,2096.070068,2115.47998,55.54171837791124,56.34345302352034
6/13/2016,2079.060059,2096.070068,55.31526568362791,55.54171837791124
6/14/2016,2075.320068,2079.060059,55.48304615200535,55.31526568362791
6/15/2016,2071.5,2075.320068,54.85692226705187,55.48304615200535
6/16/2016,2077.98999,2071.5,54.31273954098661,54.85692226705187
6/17/2016,2071.219971,2077.98999,54.00725786273541,54.31273954098661
6/20/2016,2083.25,2071.219971,53.88944481774492,54.00725786273541
6/21/2016,2088.899902,2083.25,53.80695801730186,53.88944481774492
6/22/2016,2085.449951,2088.899902,53.57131347252205,53.80695801730186
6/23/2016,2113.320068,2085.449951,54.30198895874295,53.57131347252205
6/24/2016,2037.410034,2113.320068,52.9249255260416,54.30198895874295
6/27/2016,2000.540039,2037.410034,51.61982137283288,52.9249255260416
6/28/2016,2036.089966,2000.540039,52.56105502232785,51.61982137283288
6/29/2016,2070.77002,2036.089966,53.59009974181134,52.56105502232785
6/30/2016,2098.860107,2070.77002,54.22504144119391,53.59009974181134
7/1/2016,2102.949951,2098.860107,54.38677468309973,54.22504144119391
7/5/2016,2088.550049,2102.949951,54.18949503121665,54.38677468309973
7/6/2016,2099.72998,2088.550049,53.86488226234738,54.18949503121665
7/7/2016,2097.899902,2099.72998,53.99562282676213,53.86488226234738
7/8/2016,2129.899902,2097.899902,54.74199729392503,53.99562282676213
7/11/2016,2137.159912,2129.899902,54.82868916297621,54.74199729392503
7/12/2016,2152.139893,2137.159912,55.34730918333832,54.82868916297621
7/13/2016,2152.429932,2152.139893,55.13204866746126,55.34730918333832
7/14/2016,2163.75,2152.429932,55.67307719239144,55.13204866746126
7/15/2016,2161.73999,2163.75,55.25124872671291,55.67307719239144
7/18/2016,2166.889893,2161.73999,55.8673387442462,55.25124872671291
7/19/2016,2163.780029,2166.889893,56.01221309366538,55.8673387442462
7/20/2016,2173.02002,2163.780029,55.58909959840251,56.01221309366538
7/21/2016,2165.169922,2173.02002,55.42561620084025,55.58909959840251
7/22/2016,2175.030029,2165.169922,55.344827363864,55.42561620084025
7/25/2016,2168.47998,2175.030029,54.76504474588346,55.344827363864
7/26/2016,2169.179932,2168.47998,54.55427261321061,54.76504474588346
7/27/2016,2166.580078,2169.179932,54.46959572799382,54.55427261321061
7/28/2016,2170.060059,2166.580078,54.58510812790379,54.46959572799382
7/29/2016,2173.600098,2170.060059,54.80912856740724,54.58510812790379
8/1/2016,2170.840088,2173.600098,54.58609870173089,54.80912856740724
8/2/2016,2157.030029,2170.840088,54.09258351190182,54.58609870173089
8/3/2016,2163.790039,2157.030029,53.98150454956775,54.09258351190182
8/4/2016,2164.25,2163.790039,53.91033952364687,53.98150454956775
8/5/2016,2182.870117,2164.25,54.26925930584817,53.91033952364687
8/8/2016,2180.889893,2182.870117,54.40190050650602,54.26925930584817
8/9/2016,2181.73999,2180.889893,54.26680740688157,54.40190050650602
8/10/2016,2175.48999,2181.73999,54.49958452654298,54.26680740688157
8/11/2016,2185.790039,2175.48999,54.35623393325184,54.49958452654298
8/12/2016,2184.050049,2185.790039,54.37539423287184,54.35623393325184
8/15/2016,2190.149902,2184.050049,54.92691983747964,54.37539423287184
8/16/2016,2178.149902,2190.149902,54.64018564147293,54.92691983747964
8/17/2016,2182.219971,2178.149902,54.84272853704982,54.64018564147293
8/18/2016,2187.02002,2182.219971,54.68705079326941,54.84272853704982
8/19/2016,2183.870117,2187.02002,54.98007451696785,54.68705079326941
8/22/2016,2182.639893,2183.870117,55.41466517996432,54.98007451696785
8/23/2016,2186.899902,2182.639893,55.39760080697772,55.41466517996432
8/24/2016,2175.439941,2186.899902,54.80589473498735,55.39760080697772
8/25/2016,2172.469971,2175.439941,54.48806231131535,54.80589473498735
8/26/2016,2169.040039,2172.469971,53.99356242595641,54.48806231131535
8/29/2016,2180.379883,2169.040039,54.3368696526162,53.99356242595641
8/30/2016,2176.120117,2180.379883,54.39047558913627,54.3368696526162
8/31/2016,2170.949951,2176.120117,53.96000031059563,54.39047558913627
9/1/2016,2170.860107,2170.949951,53.98233109637709,53.96000031059563
9/2/2016,2179.97998,2170.860107,54.37223418600853,53.98233109637709
9/6/2016,2186.47998,2179.97998,54.32236972602331,54.37223418600853
9/7/2016,2186.159912,2186.47998,54.19545781939512,54.32236972602331
9/8/2016,2181.300049,2186.159912,54.58242000331045,54.19545781939512
9/9/2016,2127.810059,2181.300049,54.00952646227999,54.58242000331045
9/12/2016,2159.040039,2127.810059,54.2527624941762,54.00952646227999
9/13/2016,2127.02002,2159.040039,53.71966996796616,54.2527624941762
9/14/2016,2125.77002,2127.02002,53.67017877828423,53.71966996796616
9/15/2016,2147.26001,2125.77002,53.59428971591008,53.67017877828423
9/16/2016,2139.159912,2147.26001,53.32766481191131,53.59428971591008
9/19/2016,2139.120117,2139.159912,53.18891830902929,53.32766481191131
9/20/2016,2139.76001,2139.120117,53.33185855988549,53.18891830902929
9/21/2016,2163.120117,2139.76001,53.60560073900612,53.33185855988549
9/22/2016,2177.179932,2163.120117,53.35379865845031,53.60560073900612
9/23/2016,2164.689941,2177.179932,53.01436915677274,53.35379865845031
9/26/2016,2146.100098,2164.689941,52.08822919888068,53.01436915677274
9/27/2016,2159.929932,2146.100098,52.40902453118692,52.08822919888068
9/28/2016,2171.370117,2159.929932,52.95930794125032,52.40902453118692
9/29/2016,2151.129883,2171.370117,52.41257029091359,52.95930794125032
9/30/2016,2168.27002,2151.129883,52.56593150180418,52.41257029091359
10/3/2016,2161.199951,2168.27002,52.28836191211082,52.56593150180418
10/4/2016,2150.48999,2161.199951,51.83298103814472,52.28836191211082
10/5/2016,2159.72998,2150.48999,52.0264488434695,51.83298103814472
10/6/2016,2160.77002,2159.72998,51.44854848091515,52.0264488434695
10/7/2016,2153.73999,2160.77002,51.84553148895902,51.44854848091515
10/10/2016,2163.659912,2153.73999,51.97645346030284,51.84553148895902
10/11/2016,2136.72998,2163.659912,51.32857231533919,51.97645346030284
10/12/2016,2139.179932,2136.72998,51.13962807097428,51.32857231533919
10/13/2016,2132.550049,2139.179932,50.50232805425643,51.13962807097428
10/14/2016,2132.97998,2132.550049,50.77080295729927,50.50232805425643
10/17/2016,2126.5,2132.97998,50.51061296671396,50.77080295729927
10/18/2016,2139.600098,2126.5,50.92021066171567,50.51061296671396
10/19/2016,2144.290039,2139.600098,50.67250949728154,50.92021066171567
10/20/2016,2141.340088,2144.290039,50.42834796475039,50.67250949728154
10/21/2016,2141.159912,2141.340088,50.57524283417396,50.42834796475039
10/24/2016,2151.330078,2141.159912,50.70480653597495,50.57524283417396
10/25/2016,2143.159912,2151.330078,50.24159243132367,50.70480653597495
10/26/2016,2139.429932,2143.159912,49.72648352188553,50.24159243132367
10/27/2016,2133.040039,2139.429932,49.53275778079835,49.72648352188553
10/28/2016,2126.409912,2133.040039,49.67792693507,49.53275778079835
10/31/2016,2126.149902,2126.409912,49.42161163328431,49.67792693507
11/1/2016,2111.719971,2126.149902,48.93054750673061,49.42161163328431
11/2/2016,2097.939941,2111.719971,48.39017703038865,48.93054750673061
11/3/2016,2088.659912,2097.939941,48.10478620748313,48.39017703038865
11/4/2016,2085.179932,2088.659912,48.08826132952326,48.10478620748313
11/7/2016,2131.52002,2085.179932,49.58109762103764,48.08826132952326
11/8/2016,2139.560059,2131.52002,50.06329530369591,49.58109762103764
11/9/2016,2163.26001,2139.560059,50.59796736880688,50.06329530369591
11/10/2016,2167.47998,2163.26001,50.82801427154471,50.59796736880688
11/11/2016,2164.449951,2167.47998,50.75648274211937,50.82801427154471
11/14/2016,2164.199951,2164.449951,50.64973726912011,50.75648274211937
11/15/2016,2180.389893,2164.199951,50.83491169687156,50.64973726912011
11/16/2016,2176.939941,2180.389893,50.61328130549828,50.83491169687156
11/17/2016,2187.120117,2176.939941,50.92851695393914,50.61328130549828
11/18/2016,2181.899902,2187.120117,51.34445230247516,50.92851695393914
11/21/2016,2198.179932,2181.899902,51.98503370941302,51.34445230247516
11/22/2016,2202.939941,2198.179932,51.54876587322092,51.98503370941302
11/23/2016,2204.719971,2202.939941,51.01364449382226,51.54876587322092
11/25/2016,2213.350098,2204.719971,51.02521735691069,51.01364449382226
11/28/2016,2201.719971,2213.350098,50.7260918138881,51.02521735691069
11/29/2016,2204.659912,2201.719971,50.80729639967314,50.7260918138881
11/30/2016,2198.810059,2204.659912,50.99472512600272,50.80729639967314
12/1/2016,2191.080078,2198.810059,51.07069590429317,50.99472512600272
12/2/2016,2191.949951,2191.080078,51.33168749863999,51.07069590429317
12/5/2016,2204.709961,2191.949951,51.28285853471068,51.33168749863999
12/6/2016,2212.22998,2204.709961,51.18476118058852,51.28285853471068
12/7/2016,2241.350098,2212.22998,51.82628294915801,51.18476118058852
12/8/2016,2246.189941,2241.350098,51.98555699153657,51.82628294915801
12/9/2016,2259.530029,2246.189941,52.25899937881628,51.98555699153657
12/12/2016,2256.959961,2259.530029,52.71710428159241,52.25899937881628
12/13/2016,2271.719971,2256.959961,52.92329679330937,52.71710428159241
12/14/2016,2253.280029,2271.719971,52.65990205691406,52.92329679330937
12/15/2016,2262.030029,2253.280029,52.6935671682432,52.65990205691406
12/16/2016,2258.070068,2262.030029,52.79092021819291,52.6935671682432
12/19/2016,2262.530029,2258.070068,53.09389925684911,52.79092021819291
12/20/2016,2270.76001,2262.530029,53.11702634903648,53.09389925684911
12/21/2016,2265.179932,2270.76001,52.95316690124957,53.11702634903648
12/22/2016,2260.959961,2265.179932,53.29515689138639,52.95316690124957
12/23/2016,2263.790039,2260.959961,53.50808565517545,53.29515689138639
12/27/2016,2268.879883,2263.790039,53.60952330030499,53.50808565517545
12/28/2016,2249.919922,2268.879883,53.15757066958978,53.60952330030499
12/29/2016,2249.26001,2249.919922,52.57694415418784,53.15757066958978
12/30/2016,2238.830078,2249.26001,52.29931265595746,52.57694415418784
1/3/2017,2257.830078,2238.830078,52.72630384444108,52.29931265595746
1/4/2017,2270.75,2257.830078,53.21015359999907,52.72630384444108
1/5/2017,2269,2270.75,53.31365774433753,53.21015359999907
1/6/2017,2276.97998,2269,53.21605044985103,53.31365774433753
1/9/2017,2268.899902,2276.97998,52.92466514012509,53.21605044985103
1/10/2017,2268.899902,2268.899902,52.74305713218325,52.92466514012509
1/11/2017,2275.320068,2268.899902,53.29645533323584,52.74305713218325
1/12/2017,2270.439941,2275.320068,53.45707942791402,53.29645533323584
1/13/2017,2274.639893,2270.439941,53.67608443468461,53.45707942791402
1/17/2017,2267.889893,2274.639893,53.74086101668637,53.67608443468461
1/18/2017,2271.889893,2267.889893,54.03514050253175,53.74086101668637
1/19/2017,2263.689941,2271.889893,54.38521249859398,54.03514050253175
1/20/2017,2271.310059,2263.689941,54.56412600070676,54.38521249859398
1/23/2017,2265.199951,2271.310059,54.47243594523898,54.56412600070676
1/24/2017,2280.070068,2265.199951,54.36910093865536,54.47243594523898
1/25/2017,2298.370117,2280.070068,54.29955102559895,54.36910093865536
1/26/2017,2296.679932,2298.370117,54.68033469169149,54.29955102559895
1/27/2017,2294.689941,2296.679932,54.58324206571275,54.68033469169149
1/30/2017,2280.899902,2294.689941,54.26855829188928,54.58324206571275
1/31/2017,2278.870117,2280.899902,53.90902249828806,54.26855829188928
2/1/2017,2279.550049,2278.870117,53.66298868465369,53.90902249828806
2/2/2017,2280.850098,2279.550049,53.56278320395872,53.66298868465369
2/3/2017,2297.419922,2280.850098,53.62128445892078,53.56278320395872
2/6/2017,2292.560059,2297.419922,53.28966212660757,53.62128445892078
2/7/2017,2293.080078,2292.560059,53.32707697204438,53.28966212660757
2/8/2017,2294.669922,2293.080078,53.75417886534194,53.32707697204438
2/9/2017,2307.870117,2294.669922,54.21475058754774,53.75417886534194
2/10/2017,2316.100098,2307.870117,54.02883009263756,54.21475058754774
2/13/2017,2328.25,2316.100098,54.50061869295845,54.02883009263756
2/14/2017,2337.580078,2328.25,54.51380268097416,54.50061869295845
2/15/2017,2349.25,2337.580078,54.8405196061371,54.51380268097416
2/16/2017,2347.219971,2349.25,54.86268181890201,54.8405196061371
2/17/2017,2351.159912,2347.219971,54.82387053847144,54.86268181890201
2/21/2017,2365.379883,2351.159912,54.95891476357532,54.82387053847144
2/22/2017,2362.820068,2365.379883,55.20115048038356,54.95891476357532
2/23/2017,2363.810059,2362.820068,55.19045010988451,55.20115048038356
2/24/2017,2367.340088,2363.810059,55.20095570727577,55.19045010988451
2/27/2017,2369.75,2367.340088,55.3888987005236,55.20095570727577
2/28/2017,2363.639893,2369.75,55.39453914187749,55.3888987005236
3/1/2017,2395.959961,2363.639893,55.58472037436803,55.39453914187749
3/2/2017,2381.919922,2395.959961,55.63307005300267,55.58472037436803
3/3/2017,2383.120117,2381.919922,55.87263055602846,55.63307005300267
3/6/2017,2375.310059,2383.120117,56.09017311974777,55.87263055602846
3/7/2017,2368.389893,2375.310059,55.46215060125483,56.09017311974777
3/8/2017,2362.97998,2368.389893,55.28652258309535,55.46215060125483
3/9/2017,2364.870117,2362.97998,55.3845469810468,55.28652258309535
3/10/2017,2372.600098,2364.870117,55.97472063726295,55.3845469810468
3/13/2017,2373.469971,2372.600098,55.79092600510781,55.97472063726295
3/14/2017,2365.449951,2373.469971,55.5469353511935,55.79092600510781
3/15/2017,2385.26001,2365.449951,55.91604934056903,55.5469353511935
3/16/2017,2381.379883,2385.26001,55.61515215699639,55.91604934056903
3/17/2017,2378.25,2381.379883,55.73826892089053,55.61515215699639
3/20/2017,2373.469971,2378.25,56.02512651222541,55.73826892089053
3/21/2017,2344.02002,2373.469971,55.31560534929913,56.02512651222541
3/22/2017,2348.449951,2344.02002,55.24805491713793,55.31560534929913
3/23/2017,2345.959961,2348.449951,55.31727735836454,55.24805491713793
3/24/2017,2343.97998,2345.959961,55.42740924717817,55.31727735836454
3/27/2017,2341.590088,2343.97998,55.498368461208,55.42740924717817
3/28/2017,2358.570068,2341.590088,55.64577931162613,55.498368461208
3/29/2017,2361.129883,2358.570068,55.71175159248967,55.64577931162613
3/30/2017,2368.060059,2361.129883,55.64405904160623,55.71175159248967
3/31/2017,2362.719971,2368.060059,55.81807573290381,55.64405904160623
4/3/2017,2358.840088,2362.719971,55.69546217192634,55.81807573290381
4/4/2017,2360.159912,2358.840088,55.44717365222003,55.69546217192634
4/5/2017,2352.949951,2360.159912,55.2650490586421,55.44717365222003
4/6/2017,2357.48999,2352.949951,55.38978941785903,55.2650490586421
4/7/2017,2355.540039,2357.48999,55.05403831224988,55.38978941785903
4/10/2017,2357.159912,2355.540039,55.27705977316671,55.05403831224988
4/11/2017,2353.780029,2357.159912,55.27954286273884,55.27705977316671
4/12/2017,2344.929932,2353.780029,55.14494737872166,55.27954286273884
4/13/2017,2328.949951,2344.929932,54.95825908282502,55.14494737872166
4/17/2017,2349.01001,2328.949951,55.49471430954542,54.95825908282502
4/18/2017,2342.189941,2349.01001,55.33921421227862,55.49471430954542
4/19/2017,2338.169922,2342.189941,55.25283252902985,55.33921421227862
4/20/2017,2355.840088,2338.169922,55.21670612019498,55.25283252902985
4/21/2017,2348.689941,2355.840088,55.13459702734448,55.21670612019498
4/24/2017,2374.149902,2348.689941,55.72924837004701,55.13459702734448
4/25/2017,2388.610107,2374.149902,56.12990181108752,55.72924837004701
4/26/2017,2387.449951,2388.610107,56.15438905166287,56.12990181108752
4/27/2017,2388.77002,2387.449951,56.32308917595106,56.15438905166287
4/28/2017,2384.199951,2388.77002,55.60245324088808,56.32308917595106
5/1/2017,2388.330078,2384.199951,55.53463033415513,55.60245324088808
5/2/2017,2391.169922,2388.330078,55.43640149788264,55.53463033415513
5/3/2017,2388.129883,2391.169922,55.62101489019702,55.43640149788264
5/4/2017,2389.52002,2388.129883,55.45764480468406,55.62101489019702
5/5/2017,2399.290039,2389.52002,55.12986264604454,55.45764480468406
5/8/2017,2399.379883,2399.290039,55.6759318779806,55.12986264604454
5/9/2017,2396.919922,2399.379883,55.63432310069141,55.6759318779806
5/10/2017,2399.629883,2396.919922,55.39243741983213,55.63432310069141
5/11/2017,2394.439941,2399.629883,55.51802163022709,55.39243741983213
5/12/2017,2390.899902,2394.439941,55.57936367049332,55.51802163022709
5/15/2017,2402.320068,2390.899902,56.28764619642204,55.57936367049332
5/16/2017,2400.669922,2402.320068,56.19640418393962,56.28764619642204
5/17/2017,2357.030029,2400.669922,55.48517177721941,56.19640418393962
5/18/2017,2365.719971,2357.030029,55.64754775738797,55.48517177721941
5/19/2017,2381.72998,2365.719971,56.50344065369933,55.64754775738797
5/22/2017,2394.02002,2381.72998,56.65245373776503,56.50344065369933
5/23/2017,2398.419922,2394.02002,56.81928004408524,56.65245373776503
5/24/2017,2404.389893,2398.419922,57.03984896556491,56.81928004408524
5/25/2017,2415.070068,2404.389893,57.64126830874075,57.03984896556491
5/26/2017,2415.820068,2415.070068,57.3838649555979,57.64126830874075
5/30/2017,2412.909912,2415.820068,57.10785234704217,57.3838649555979
5/31/2017,2411.800049,2412.909912,57.05774217931422,57.10785234704217
6/1/2017,2430.060059,2411.800049,57.13526170403082,57.05774217931422
6/2/2017,2439.070068,2430.060059,57.78307379502904,57.13526170403082
6/5/2017,2436.100098,2439.070068,57.46281087195711,57.78307379502904
6/6/2017,2429.330078,2436.100098,57.49929093799387,57.46281087195711
6/7/2017,2433.139893,2429.330078,57.4097429790576,57.49929093799387
6/8/2017,2433.790039,2433.139893,57.07794437051819,57.4097429790576
6/9/2017,2431.77002,2433.790039,57.20003682325594,57.07794437051819
6/12/2017,2429.389893,2431.77002,57.45406556498826,57.20003682325594
6/13/2017,2440.350098,2429.389893,57.77904326866793,57.45406556498826
6/14/2017,2437.919922,2440.350098,58.26520600553717,57.77904326866793
6/15/2017,2432.459961,2437.919922,58.23775514541269,58.26520600553717
6/16/2017,2433.149902,2432.459961,58.30066477417301,58.23775514541269
6/19/2017,2453.459961,2433.149902,58.41994935569227,58.30066477417301
6/20/2017,2437.030029,2453.459961,58.38409814665795,58.41994935569227
6/21/2017,2435.610107,2437.030029,58.8296049397911,58.38409814665795
6/22/2017,2434.5,2435.610107,58.97891756025174,58.8296049397911
6/23/2017,2438.300049,2434.5,58.72778379906996,58.97891756025174
6/26/2017,2439.070068,2438.300049,58.59916790072155,58.72778379906996
6/27/2017,2419.379883,2439.070068,58.4218458061038,58.59916790072155
6/28/2017,2440.689941,2419.379883,58.87607297402723,58.4218458061038
6/29/2017,2419.699951,2440.689941,58.72931799645265,58.87607297402723
6/30/2017,2423.409912,2419.699951,58.99526484401603,58.72931799645265
7/3/2017,2429.01001,2423.409912,58.59747520236162,58.99526484401603
7/5/2017,2432.540039,2429.01001,58.80518990615021,58.59747520236162
7/6/2017,2409.75,2432.540039,58.21402080781301,58.80518990615021
7/7/2017,2425.179932,2409.75,58.39125875900692,58.21402080781301
7/10/2017,2427.429932,2425.179932,58.64227048975877,58.39125875900692
7/11/2017,2425.530029,2427.429932,57.71680992916477,58.64227048975877
7/12/2017,2443.25,2425.530029,57.57891839449238,57.71680992916477
7/13/2017,2447.830078,2443.25,57.48138509617446,57.57891839449238
7/14/2017,2459.27002,2447.830078,57.29074585898172,57.48138509617446
7/17/2017,2459.139893,2459.27002,57.31320145123414,57.29074585898172
7/18/2017,2460.610107,2459.139893,57.34816202547283,57.31320145123414
7/19/2017,2473.830078,2460.610107,57.14867998979911,57.34816202547283
7/20/2017,2473.449951,2473.830078,57.29221812491648,57.14867998979911
7/21/2017,2472.540039,2473.449951,56.95317027943987,57.29221812491648
7/24/2017,2469.909912,2472.540039,56.59772752169577,56.95317027943987
7/25/2017,2477.129883,2469.909912,57.1255283927572,56.59772752169577
7/26/2017,2477.830078,2477.129883,56.9226633485566,57.1255283927572
7/27/2017,2475.419922,2477.830078,56.88487386261562,56.9226633485566
7/28/2017,2472.100098,2475.419922,57.14896253736264,56.88487386261562
7/31/2017,2470.300049,2472.100098,56.69102729829984,57.14896253736264
8/1/2017,2476.350098,2470.300049,56.81662099751098,56.69102729829984
8/2/2017,2477.570068,2476.350098,56.02379534625012,56.81662099751098
8/3/2017,2472.159912,2477.570068,55.72319723738872,56.02379534625012
8/4/2017,2476.830078,2472.159912,55.70531464429818,55.72319723738872
8/7/2017,2480.909912,2476.830078,55.33538842177241,55.70531464429818
8/8/2017,2474.919922,2480.909912,55.25695382546051,55.33538842177241
8/9/2017,2474.02002,2474.919922,55.17249510700952,55.25695382546051
8/10/2017,2438.209961,2474.02002,54.43417741947799,55.17249510700952
8/11/2017,2441.320068,2438.209961,54.4584750416084,54.43417741947799
8/14/2017,2465.840088,2441.320068,54.65928518276309,54.4584750416084
8/15/2017,2464.610107,2465.840088,54.52044554098892,54.65928518276309
8/16/2017,2468.110107,2464.610107,54.35400129282131,54.52044554098892
8/17/2017,2430.01001,2468.110107,53.83121269226772,54.35400129282131
8/18/2017,2425.550049,2430.01001,54.13589875710786,53.83121269226772
8/21/2017,2428.370117,2425.550049,54.23945005767033,54.13589875710786
8/22/2017,2452.51001,2428.370117,54.30062192031159,54.23945005767033
8/23/2017,2444.040039,2452.51001,54.18578980662823,54.30062192031159
8/24/2017,2438.969971,2444.040039,54.38222449664611,54.18578980662823
8/25/2017,2443.050049,2438.969971,54.27587247653812,54.38222449664611
8/28/2017,2444.23999,2443.050049,54.72398348626814,54.27587247653812
8/29/2017,2446.300049,2444.23999,54.83279653855162,54.72398348626814
8/30/2017,2457.590088,2446.300049,55.26058512284376,54.83279653855162
8/31/2017,2471.649902,2457.590088,55.62286874090729,55.26058512284376
9/1/2017,2476.550049,2471.649902,55.74915336108858,55.62286874090729
9/5/2017,2457.850098,2476.550049,55.72176726656399,55.74915336108858
9/6/2017,2465.540039,2457.850098,55.84805088020729,55.72176726656399
9/7/2017,2465.100098,2465.540039,56.09212344354176,55.84805088020729
9/8/2017,2461.429932,2465.100098,55.85536734824846,56.09212344354176
9/11/2017,2488.110107,2461.429932,56.50855973643229,55.85536734824846
9/12/2017,2496.47998,2488.110107,56.39010653701052,56.50855973643229
9/13/2017,2498.370117,2496.47998,56.5669594893311,56.39010653701052
9/14/2017,2495.620117,2498.370117,56.10126172112917,56.5669594893311
9/15/2017,2500.22998,2495.620117,56.02769882316306,56.10126172112917
9/18/2017,2503.870117,2500.22998,56.50636341524784,56.02769882316306
9/19/2017,2506.649902,2503.870117,56.9274010807874,56.50636341524784
9/20/2017,2508.23999,2506.649902,57.42632880063268,56.9274010807874
9/21/2017,2500.600098,2508.23999,57.34595622319522,57.42632880063268
9/22/2017,2502.219971,2500.600098,56.907900479166,57.34595622319522
9/25/2017,2496.659912,2502.219971,57.36684310050787,56.907900479166
9/26/2017,2496.840088,2496.659912,57.58527092463345,57.36684310050787
9/27/2017,2507.040039,2496.840088,57.98731436514496,57.58527092463345
9/28/2017,2510.060059,2507.040039,58.26774380864388,57.98731436514496
9/29/2017,2519.360107,2510.060059,58.86892013332821,58.26774380864388
10/2/2017,2529.120117,2519.360107,59.04147695676559,58.86892013332821
10/3/2017,2534.580078,2529.120117,59.11217530624543,59.04147695676559
10/4/2017,2537.73999,2534.580078,59.18534861672049,59.11217530624543
10/5/2017,2552.070068,2537.73999,59.59931354574178,59.18534861672049
10/6/2017,2549.330078,2552.070068,59.66925492583116,59.59931354574178
10/9/2017,2544.72998,2549.330078,59.30840188907796,59.66925492583116
10/10/2017,2550.639893,2544.72998,59.3855662095017,59.30840188907796
10/11/2017,2555.23999,2550.639893,59.35622329305289,59.3855662095017
10/12/2017,2550.929932,2555.23999,58.80463207388208,59.35622329305289
10/13/2017,2553.169922,2550.929932,58.94008610716629,58.80463207388208
10/16/2017,2557.639893,2553.169922,58.76170805450441,58.94008610716629
10/17/2017,2559.360107,2557.639893,59.01355503383452,58.76170805450441
10/18/2017,2561.26001,2559.360107,59.138516747773,59.01355503383452
10/19/2017,2562.100098,2561.26001,59.19656576541021,59.138516747773
10/20/2017,2575.209961,2562.100098,59.55658333990541,59.19656576541021
10/23/2017,2564.97998,2575.209961,59.76209693519769,59.55658333990541
10/24/2017,2569.129883,2564.97998,59.82533747648922,59.76209693519769
10/25/2017,2557.149902,2569.129883,59.61977619624452,59.82533747648922
10/26/2017,2560.399902,2557.149902,59.65449545538002,59.61977619624452
10/27/2017,2581.070068,2560.399902,59.81207125469125,59.65449545538002
10/30/2017,2572.830078,2581.070068,59.89829872987125,59.81207125469125
10/31/2017,2575.26001,2572.830078,60.42608796756555,59.89829872987125
11/1/2017,2579.360107,2575.26001,60.34143966976666,60.42608796756555
11/2/2017,2579.850098,2579.360107,60.26131214727391,60.34143966976666
11/3/2017,2587.840088,2579.850098,59.93014993116509,60.26131214727391
11/6/2017,2591.129883,2587.840088,60.08358749403633,59.93014993116509
11/7/2017,2590.639893,2591.129883,60.4219137264995,60.08358749403633
11/8/2017,2594.379883,2590.639893,60.0801001139466,60.4219137264995
11/9/2017,2584.620117,2594.379883,59.70379691033354,60.0801001139466
11/10/2017,2582.300049,2584.620117,59.3854337576379,59.70379691033354
11/13/2017,2584.840088,2582.300049,59.10347095540357,59.3854337576379
11/14/2017,2578.870117,2584.840088,58.96487159134382,59.10347095540357
11/15/2017,2564.620117,2578.870117,58.82146897317079,58.96487159134382
11/16/2017,2585.639893,2564.620117,59.0887732631494,58.82146897317079
11/17/2017,2578.850098,2585.639893,59.16989315394659,59.0887732631494
11/20/2017,2582.139893,2578.850098,59.24089796481416,59.16989315394659
11/21/2017,2599.030029,2582.139893,59.58221259378473,59.24089796481416
11/22/2017,2597.080078,2599.030029,59.07463194690067,59.58221259378473
11/24/2017,2602.419922,2597.080078,59.75878691175514,59.07463194690067
11/27/2017,2601.419922,2602.419922,59.51636404723561,59.75878691175514
11/28/2017,2627.040039,2601.419922,60.16555126453304,59.51636404723561
11/29/2017,2626.070068,2627.040039,60.0022385913562,60.16555126453304
11/30/2017,2647.580078,2626.070068,60.51734696405947,60.0022385913562
12/1/2017,2642.219971,2647.580078,60.66826764887153,60.51734696405947
12/4/2017,2639.439941,2642.219971,60.78690962106866,60.66826764887153
12/5/2017,2629.570068,2639.439941,60.70799000293839,60.78690962106866
12/6/2017,2629.27002,2629.570068,60.92323780625362,60.70799000293839
12/7/2017,2636.97998,2629.27002,60.87364091630138,60.92323780625362
12/8/2017,2651.5,2636.97998,61.18378491903807,60.87364091630138
12/11/2017,2659.98999,2651.5,61.50682384065993,61.18378491903807
12/12/2017,2664.110107,2659.98999,61.25851182622086,61.50682384065993
12/13/2017,2662.850098,2664.110107,61.85814179637167,61.25851182622086
12/14/2017,2652.01001,2662.850098,61.83578480701527,61.85814179637167
12/15/2017,2675.810059,2652.01001,62.88156970244837,61.83578480701527
12/18/2017,2690.159912,2675.810059,62.70570564420723,62.88156970244837
12/19/2017,2681.469971,2690.159912,61.88472518935301,62.70570564420723
12/20/2017,2679.25,2681.469971,61.6001371428927,61.88472518935301
12/21/2017,2684.570068,2679.25,61.71431866186741,61.6001371428927
12/22/2017,2683.340088,2684.570068,61.92592765042457,61.71431866186741
12/26/2017,2680.5,2683.340088,62.11593059959484,61.92592765042457
12/27/2017,2682.620117,2680.5,61.69464995394772,62.11593059959484
12/28/2017,2687.540039,2682.620117,61.7091587148337,61.69464995394772
12/29/2017,2673.610107,2687.540039,61.65259897132726,61.7091587148337
1/2/2018,2695.810059,2673.610107,62.0820483340275,61.65259897132726
1/3/2018,2713.060059,2695.810059,62.46763980076129,62.0820483340275
1/4/2018,2723.98999,2713.060059,62.23585107850405,62.46763980076129
1/5/2018,2743.149902,2723.98999,62.38374691228441,62.23585107850405
1/8/2018,2747.709961,2743.149902,62.51055406020746,62.38374691228441
1/9/2018,2751.290039,2747.709961,62.71650402833264,62.51055406020746
1/10/2018,2748.22998,2751.290039,62.94176196704424,62.71650402833264
1/11/2018,2767.560059,2748.22998,63.16343985771779,62.94176196704424
1/12/2018,2786.23999,2767.560059,63.92233882058995,63.16343985771779
1/16/2018,2776.419922,2786.23999,63.71170179589527,63.92233882058995
1/17/2018,2802.560059,2776.419922,63.93146099804103,63.71170179589527
1/18/2018,2798.030029,2802.560059,64.04531653065825,63.93146099804103
1/19/2018,2810.300049,2798.030029,63.78341502032892,64.04531653065825
1/22/2018,2832.969971,2810.300049,64.31375006755226,63.78341502032892
1/23/2018,2839.129883,2832.969971,64.24572123525358,64.31375006755226
1/24/2018,2837.540039,2839.129883,64.16353708375922,64.24572123525358
1/25/2018,2839.25,2837.540039,64.00473322114831,64.16353708375922
1/26/2018,2872.870117,2839.25,64.66257755647841,64.00473322114831
1/29/2018,2853.530029,2872.870117,63.95803832950246,64.66257755647841
1/30/2018,2822.429932,2853.530029,64.16886368875457,63.95803832950246
1/31/2018,2823.810059,2822.429932,63.54528545630702,64.16886368875457
2/1/2018,2821.97998,2823.810059,63.75671768621538,63.54528545630702
2/2/2018,2762.129883,2821.97998,62.82728898451772,63.75671768621538
2/5/2018,2648.939941,2762.129883,60.26119675960511,62.82728898451772
2/6/2018,2695.139893,2648.939941,60.87978023770067,60.26119675960511
2/7/2018,2681.659912,2695.139893,60.04011534120143,60.87978023770067
2/8/2018,2581,2681.659912,57.80225808933512,60.04011534120143
2/9/2018,2619.550049,2581,57.84692340764622,57.80225808933512
2/12/2018,2656,2619.550049,58.27153676557975,57.84692340764622
2/13/2018,2662.939941,2656,58.46453083485751,58.27153676557975
2/14/2018,2698.629883,2662.939941,59.67966972584598,58.46453083485751
2/15/2018,2731.199951,2698.629883,59.94057741398959,59.67966972584598
2/16/2018,2732.219971,2731.199951,59.69325377709926,59.94057741398959
2/20/2018,2716.26001,2732.219971,59.48026718968801,59.69325377709926
2/21/2018,2701.330078,2716.26001,59.41021760862604,59.48026718968801
2/22/2018,2703.959961,2701.330078,59.39409085704549,59.41021760862604
2/23/2018,2747.300049,2703.959961,60.78906661839581,59.39409085704549
2/26/2018,2779.600098,2747.300049,61.07677358043783,60.78906661839581
2/27/2018,2744.280029,2779.600098,60.18603750065989,61.07677358043783
2/28/2018,2713.830078,2744.280029,59.29104122016068,60.18603750065989
3/1/2018,2677.669922,2713.830078,58.44348664850434,59.29104122016068
3/2/2018,2691.25,2677.669922,58.83162458560779,58.44348664850434
3/5/2018,2720.939941,2691.25,59.35469331255209,58.83162458560779
3/6/2018,2728.120117,2720.939941,59.36479625032319,59.35469331255209
3/7/2018,2726.800049,2728.120117,59.68935992535501,59.36479625032319
3/8/2018,2738.969971,2726.800049,59.89609782946072,59.68935992535501
3/9/2018,2786.570068,2738.969971,60.53125408087049,59.89609782946072
3/12/2018,2783.02002,2786.570068,60.3544053385537,60.53125408087049
3/13/2018,2765.310059,2783.02002,60.63722884427599,60.3544053385537
3/14/2018,2749.47998,2765.310059,60.35012116945516,60.63722884427599
3/15/2018,2747.330078,2749.47998,60.21763202622547,60.35012116945516
3/16/2018,2752.01001,2747.330078,60.03598476866237,60.21763202622547
3/19/2018,2712.919922,2752.01001,59.44143523097829,60.03598476866237
3/20/2018,2716.939941,2712.919922,59.48028290729742,59.44143523097829
3/21/2018,2711.929932,2716.939941,58.85782133592706,59.48028290729742
3/22/2018,2643.689941,2711.929932,57.60619907674828,58.85782133592706
3/23/2018,2588.26001,2643.689941,56.35234133495651,57.60619907674828
3/26/2018,2658.550049,2588.26001,57.90976733506608,56.35234133495651
3/27/2018,2612.620117,2658.550049,57.12514189658221,57.90976733506608
3/28/2018,2605,2612.620117,57.3769856443512,57.12514189658221
3/29/2018,2640.870117,2605,58.33480674102762,57.3769856443512
4/2/2018,2581.879883,2640.870117,57.12138173013516,58.33480674102762
4/3/2018,2614.449951,2581.879883,58.69261066925289,57.12138173013516
4/4/2018,2644.689941,2614.449951,59.93377792465007,58.69261066925289
4/5/2018,2662.840088,2644.689941,59.9677247013253,59.93377792465007
4/6/2018,2604.469971,2662.840088,59.08216112392393,59.9677247013253
4/9/2018,2613.159912,2604.469971,58.92728272700926,59.08216112392393
4/10/2018,2656.870117,2613.159912,59.93071277373787,58.92728272700926
4/11/2018,2642.189941,2656.870117,59.65283604052107,59.93071277373787
4/12/2018,2663.98999,2642.189941,60.00087124571703,59.65283604052107
4/13/2018,2656.300049,2663.98999,59.58269040026503,60.00087124571703
4/16/2018,2677.840088,2656.300049,60.00781479748852,59.58269040026503
4/17/2018,2706.389893,2677.840088,60.39586262277076,60.00781479748852
4/18/2018,2708.639893,2706.389893,60.54439533063428,60.39586262277076
4/19/2018,2693.129883,2708.639893,59.91403126659782,60.54439533063428
4/20/2018,2670.139893,2693.129883,59.3309404576104,59.91403126659782
4/23/2018,2670.290039,2670.139893,59.34029339913249,59.3309404576104
4/24/2018,2634.560059,2670.290039,58.28084828720124,59.34029339913249
4/25/2018,2639.399902,2634.560059,58.89399277781317,58.28084828720124
4/26/2018,2666.939941,2639.399902,59.27679282846097,58.89399277781317
4/27/2018,2669.909912,2666.939941,59.41540559043729,59.27679282846097
4/30/2018,2648.050049,2669.909912,59.00160486369878,59.41540559043729
5/1/2018,2654.800049,2648.050049,59.35826736748983,59.00160486369878
5/2/2018,2635.669922,2654.800049,58.8275361156178,59.35826736748983
5/3/2018,2629.72998,2635.669922,58.24125217921727,58.8275361156178
5/4/2018,2663.419922,2629.72998,58.50255579601706,58.24125217921727
5/7/2018,2672.629883,2663.419922,58.20134968433941,58.50255579601706
5/8/2018,2671.919922,2672.629883,58.29351550525856,58.20134968433941
5/9/2018,2697.790039,2671.919922,58.52283685586382,58.29351550525856
5/10/2018,2723.070068,2697.790039,58.91414399992681,58.52283685586382
5/11/2018,2727.719971,2723.070068,58.54658380953732,58.91414399992681
5/14/2018,2730.129883,2727.719971,58.10145115724896,58.54658380953732
5/15/2018,2711.449951,2730.129883,57.70999944678524,58.10145115724896
5/16/2018,2722.459961,2711.449951,57.90289431940629,57.70999944678524
5/17/2018,2720.129883,2722.459961,57.9964468515922,57.90289431940629
5/18/2018,2712.969971,2720.129883,58.0340901782598,57.9964468515922
5/21/2018,2733.01001,2712.969971,58.59474336452591,58.0340901782598
5/22/2018,2724.439941,2733.01001,58.5091509995051,58.59474336452591
5/23/2018,2733.290039,2724.439941,58.7946144821724,58.5091509995051
5/24/2018,2727.76001,2733.290039,59.0780762954884,58.7946144821724
5/25/2018,2721.330078,2727.76001,58.53128794295687,59.0780762954884
5/29/2018,2689.860107,2721.330078,57.95645454490209,58.53128794295687
5/30/2018,2724.01001,2689.860107,58.09735209774274,57.95645454490209
5/31/2018,2705.27002,2724.01001,58.0081084722646,58.09735209774274
6/1/2018,2734.620117,2705.27002,58.58728694622652,58.0081084722646
6/4/2018,2746.870117,2734.620117,58.4697634795873,58.58728694622652
6/5/2018,2748.800049,2746.870117,58.42367060483598,58.4697634795873
6/6/2018,2772.350098,2748.800049,58.91926900694341,58.42367060483598
6/7/2018,2770.370117,2772.350098,58.90190786614531,58.91926900694341
6/8/2018,2779.030029,2770.370117,58.85574454841632,58.90190786614531
6/11/2018,2782,2779.030029,58.67118855218106,58.85574454841632
6/12/2018,2786.850098,2782,58.82517974491918,58.67118855218106
6/13/2018,2775.629883,2786.850098,58.29453020624734,58.82517974491918
6/14/2018,2782.48999,2775.629883,58.22710037865316,58.29453020624734
6/15/2018,2779.659912,2782.48999,57.98295986458116,58.22710037865316
6/18/2018,2773.75,2779.659912,57.67358029785188,57.98295986458116
6/19/2018,2762.590088,2773.75,57.66638096339334,57.67358029785188
6/20/2018,2767.320068,2762.590088,57.78848999282044,57.66638096339334
6/21/2018,2749.76001,2767.320068,57.24269837192384,57.78848999282044
6/22/2018,2754.879883,2749.76001,57.32016260135819,57.24269837192384
6/25/2018,2717.070068,2754.879883,56.78153468700655,57.32016260135819
6/26/2018,2723.060059,2717.070068,56.70913660226157,56.78153468700655
6/27/2018,2699.629883,2723.060059,56.46161247866238,56.70913660226157
6/28/2018,2716.310059,2699.629883,56.02108320871351,56.46161247866238
6/29/2018,2718.370117,2716.310059,56.23660911170396,56.02108320871351
7/2/2018,2726.709961,2718.370117,56.33291411345063,56.23660911170396
7/3/2018,2713.219971,2726.709961,56.19094372870368,56.33291411345063
7/5/2018,2736.610107,2713.219971,56.78198752459524,56.19094372870368
7/6/2018,2759.820068,2736.610107,56.82985903295432,56.78198752459524
7/9/2018,2784.169922,2759.820068,56.91051456535932,56.82985903295432
7/10/2018,2793.840088,2784.169922,56.69584673040422,56.91051456535932
7/11/2018,2774.02002,2793.840088,56.13956002727994,56.69584673040422
7/12/2018,2798.290039,2774.02002,56.81732352587795,56.13956002727994
7/13/2018,2801.310059,2798.290039,56.49554983067223,56.81732352587795
7/16/2018,2798.429932,2801.310059,56.87168917343366,56.49554983067223
7/17/2018,2809.550049,2798.429932,56.84953835074228,56.87168917343366
7/18/2018,2815.620117,2809.550049,57.17822462692235,56.84953835074228
7/19/2018,2804.48999,2815.620117,56.74196954389043,57.17822462692235
7/20/2018,2801.830078,2804.48999,56.93825800326763,56.74196954389043
7/23/2018,2806.97998,2801.830078,57.46055814429066,56.93825800326763
7/24/2018,2820.399902,2806.97998,57.41576104130559,57.46055814429066
7/25/2018,2846.070068,2820.399902,58.22919132658423,57.41576104130559
7/26/2018,2837.439941,2846.070068,57.94235516761599,58.22919132658423
7/27/2018,2818.820068,2837.439941,57.91367748992133,57.94235516761599
7/30/2018,2802.600098,2818.820068,57.61695840051497,57.91367748992133
7/31/2018,2816.290039,2802.600098,57.45804181200723,57.61695840051497
8/1/2018,2813.360107,2816.290039,57.85822680102571,57.45804181200723
8/2/2018,2827.219971,2813.360107,57.91750072298193,57.85822680102571
8/3/2018,2840.350098,2827.219971,58.20751077170725,57.91750072298193
8/6/2018,2850.399902,2840.350098,58.53728739427362,58.20751077170725
8/7/2018,2858.449951,2850.399902,58.88820314311866,58.53728739427362
8/8/2018,2857.699951,2858.449951,58.65356168309921,58.88820314311866
8/9/2018,2853.580078,2857.699951,59.00524022840464,58.65356168309921
8/10/2018,2833.280029,2853.580078,58.32128493165179,59.00524022840464
8/13/2018,2821.929932,2833.280029,58.25957272445947,58.32128493165179
8/14/2018,2839.959961,2821.929932,58.37689440586198,58.25957272445947
8/15/2018,2818.370117,2839.959961,58.40143886537895,58.37689440586198
8/16/2018,2840.689941,2818.370117,58.30367630433307,58.40143886537895
8/17/2018,2850.129883,2840.689941,58.23736370091046,58.30367630433307
8/20/2018,2857.050049,2850.129883,58.12923180917514,58.23736370091046
8/21/2018,2862.959961,2857.050049,57.9131272966094,58.12923180917514
8/22/2018,2861.820068,2862.959961,58.40983246762661,57.9131272966094
8/23/2018,2856.97998,2861.820068,58.54759391924299,58.40983246762661
8/24/2018,2874.689941,2856.97998,58.63352555424155,58.54759391924299
8/27/2018,2896.73999,2874.689941,59.13133077138409,58.63352555424155
8/28/2018,2897.52002,2896.73999,58.8822277334141,59.13133077138409
8/29/2018,2914.040039,2897.52002,59.13325988331263,58.8822277334141
8/30/2018,2901.129883,2914.040039,59.29921725379685,59.13325988331263
8/31/2018,2901.52002,2901.129883,58.65077290324385,59.29921725379685
9/4/2018,2896.719971,2901.52002,58.6722145949986,58.65077290324385
9/5/2018,2888.600098,2896.719971,58.70941474225659,58.6722145949986
9/6/2018,2878.050049,2888.600098,58.42418748859806,58.70941474225659
9/7/2018,2871.679932,2878.050049,58.14495797588891,58.42418748859806
9/10/2018,2877.129883,2871.679932,58.31241173663511,58.14495797588891
9/11/2018,2887.889893,2877.129883,58.84966074592037,58.31241173663511
9/12/2018,2888.919922,2887.889893,58.78374513969364,58.84966074592037
9/13/2018,2904.179932,2888.919922,58.94976299062881,58.78374513969364
9/14/2018,2904.97998,2904.179932,59.37341646299022,58.94976299062881
9/17/2018,2888.800049,2904.97998,59.30382167743653,59.37341646299022
9/18/2018,2904.310059,2888.800049,59.49215260875643,59.30382167743653
9/19/2018,2907.949951,2904.310059,59.52412975219706,59.49215260875643
9/20/2018,2930.75,2907.949951,59.2284693836694,59.52412975219706
9/21/2018,2929.669922,2930.75,59.3533061241543,59.2284693836694
9/24/2018,2919.370117,2929.669922,59.61121470794582,59.3533061241543
9/25/2018,2915.560059,2919.370117,59.96355535021514,59.61121470794582
9/26/2018,2905.969971,2915.560059,60.27791189217825,59.96355535021514
9/27/2018,2914,2905.969971,60.16601456263608,60.27791189217825
9/28/2018,2913.97998,2914,60.29916326567846,60.16601456263608
10/1/2018,2924.590088,2913.97998,60.6639712496079,60.29916326567846
10/2/2018,2923.429932,2924.590088,60.93764573035273,60.6639712496079
10/3/2018,2925.51001,2923.429932,61.1651940997561,60.93764573035273
10/4/2018,2901.610107,2925.51001,60.54708562285904,61.1651940997561
10/5/2018,2885.570068,2901.610107,60.38754834079857,60.54708562285904
10/8/2018,2884.429932,2885.570068,59.91114380428225,60.38754834079857
10/9/2018,2880.340088,2884.429932,60.08243703944071,59.91114380428225
10/10/2018,2785.679932,2880.340088,58.31490773397262,60.08243703944071
10/11/2018,2728.370117,2785.679932,57.61192322462503,58.31490773397262
10/12/2018,2767.129883,2728.370117,58.39851125616543,57.61192322462503
10/15/2018,2750.790039,2767.129883,57.87381701419078,58.39851125616543
10/16/2018,2809.919922,2750.790039,59.38477972558233,57.87381701419078
10/17/2018,2809.209961,2809.919922,59.47302243099406,59.38477972558233
10/18/2018,2768.780029,2809.209961,58.28556896412447,59.47302243099406
10/19/2018,2767.780029,2768.780029,58.6812716141126,58.28556896412447
10/22/2018,2755.879883,2767.780029,58.49241857754684,58.6812716141126
10/23/2018,2740.689941,2755.879883,58.62875750243115,58.49241857754684
10/24/2018,2656.100098,2740.689941,57.26900042030504,58.62875750243115
10/25/2018,2705.570068,2656.100098,57.60625599604953,57.26900042030504
10/26/2018,2658.689941,2705.570068,56.97189752372157,57.60625599604953
10/29/2018,2641.25,2658.689941,57.12284227454651,56.97189752372157
10/30/2018,2682.629883,2641.25,57.59920464808739,57.12284227454651
10/31/2018,2711.73999,2682.629883,58.40941979798735,57.59920464808739
11/1/2018,2740.370117,2711.73999,59.06015337023421,58.40941979798735
11/2/2018,2723.060059,2740.370117,58.91032469636424,59.06015337023421
11/5/2018,2738.310059,2723.060059,59.07522445752505,58.91032469636424
11/6/2018,2755.449951,2738.310059,59.94501241020397,59.07522445752505
11/7/2018,2813.889893,2755.449951,60.71814982447919,59.94501241020397
11/8/2018,2806.830078,2813.889893,60.13588823823025,60.71814982447919
11/9/2018,2781.01001,2806.830078,59.36349586359552,60.13588823823025
11/12/2018,2726.219971,2781.01001,58.49550476239493,59.36349586359552
11/13/2018,2722.179932,2726.219971,58.58368032404419,58.49550476239493
11/14/2018,2701.580078,2722.179932,58.71801463043442,58.58368032404419
11/15/2018,2730.199951,2701.580078,59.4131249369494,58.71801463043442
11/16/2018,2736.27002,2730.199951,60.08884994033279,59.4131249369494
11/19/2018,2690.72998,2736.27002,59.78780767625917,60.08884994033279
11/20/2018,2641.889893,2690.72998,58.89069156092654,59.78780767625917
11/21/2018,2649.929932,2641.889893,59.05290789086109,58.89069156092654
11/23/2018,2632.560059,2649.929932,58.12453029327229,59.05290789086109
11/26/2018,2673.449951,2632.560059,58.89043003386782,58.12453029327229
11/27/2018,2682.169922,2673.449951,59.14125454096884,58.89043003386782
11/28/2018,2743.790039,2682.169922,59.84304367016497,59.14125454096884
11/29/2018,2737.800049,2743.790039,59.23043435897551,59.84304367016497
11/30/2018,2760.169922,2737.800049,60.10361749318238,59.23043435897551
12/3/2018,2790.370117,2760.169922,60.9234757627511,60.10361749318238
12/4/2018,2700.060059,2790.370117,58.56934868367221,60.9234757627511
12/6/2018,2695.949951,2700.060059,58.07217414934409,58.56934868367221
12/7/2018,2633.080078,2695.949951,57.04957855282997,58.07217414934409
12/10/2018,2637.719971,2633.080078,57.20673564702882,57.04957855282997
12/11/2018,2636.780029,2637.719971,56.80841714326506,57.20673564702882
12/12/2018,2651.070068,2636.780029,56.86551485602202,56.80841714326506
12/13/2018,2650.540039,2651.070068,56.59629982019259,56.86551485602202
12/14/2018,2599.949951,2650.540039,55.99868451685904,56.59629982019259
12/17/2018,2545.939941,2599.949951,55.11588147829938,55.99868451685904
12/18/2018,2546.159912,2545.939941,55.2323956333987,55.11588147829938
12/19/2018,2506.959961,2546.159912,54.97537656282181,55.2323956333987
12/20/2018,2467.419922,2506.959961,54.56114704182473,54.97537656282181
12/21/2018,2416.620117,2467.419922,53.5288084209735,54.56114704182473
12/24/2018,2351.100098,2416.620117,52.53852165277809,53.5288084209735
12/26/2018,2467.699951,2351.100098,54.45657704104789,52.53852165277809
12/27/2018,2488.830078,2467.699951,54.87395314596775,54.45657704104789
12/28/2018,2485.73999,2488.830078,55.12457256911021,54.87395314596775
12/31/2018,2506.850098,2485.73999,55.55822793776017,55.12457256911021
1/2/2019,2510.030029,2506.850098,55.97336958640127,55.55822793776017
1/3/2019,2447.889893,2510.030029,54.12609733416912,55.97336958640127
1/4/2019,2531.939941,2447.889893,56.15438242053601,54.12609733416912
1/7/2019,2549.689941,2531.939941,56.84085533912317,56.15438242053601
1/8/2019,2574.409912,2549.689941,57.2478368329127,56.84085533912317
1/9/2019,2584.959961,2574.409912,57.06001177870169,57.2478368329127
1/10/2019,2596.639893,2584.959961,57.33245382654938,57.06001177870169
1/11/2019,2596.26001,2596.639893,57.3485403620793,57.33245382654938
1/14/2019,2582.610107,2596.26001,56.97785013435829,57.3485403620793
1/15/2019,2610.300049,2582.610107,56.83802278926181,56.97785013435829
1/16/2019,2616.100098,2610.300049,57.04578807842177,56.83802278926181
1/17/2019,2635.959961,2616.100098,57.19872631046487,57.04578807842177
1/18/2019,2670.709961,2635.959961,57.5866233220496,57.19872631046487
1/22/2019,2632.899902,2670.709961,56.71124349896687,57.5866233220496
1/23/2019,2638.699951,2632.899902,56.98393320116596,56.71124349896687
1/24/2019,2642.330078,2638.699951,57.02394009559396,56.98393320116596
1/25/2019,2664.76001,2642.330078,57.87376956305958,57.02394009559396
1/28/2019,2643.850098,2664.76001,57.73757107871169,57.87376956305958
1/29/2019,2640,2643.850098,57.60313053320024,57.73757107871169
1/30/2019,2681.050049,2640,58.21066376370453,57.60313053320024
1/31/2019,2704.100098,2681.050049,58.71242685640009,58.21066376370453
2/1/2019,2706.530029,2704.100098,58.65667794727747,58.71242685640009
2/4/2019,2724.870117,2706.530029,59.35826696684451,58.65667794727747
2/5/2019,2737.699951,2724.870117,59.6312334632671,59.35826696684451
2/6/2019,2731.610107,2737.699951,59.54526270570248,59.6312334632671
2/7/2019,2706.050049,2731.610107,59.05354704469655,59.54526270570248
2/8/2019,2707.879883,2706.050049,58.94007587491764,59.05354704469655
2/11/2019,2709.800049,2707.879883,59.3017962891122,58.94007587491764
2/12/2019,2744.72998,2709.800049,60.02492330106944,59.3017962891122
2/13/2019,2753.030029,2744.72998,59.96305205333941,60.02492330106944
2/14/2019,2745.72998,2753.030029,59.66295239041405,59.96305205333941
2/15/2019,2775.600098,2745.72998,59.99188567324403,59.66295239041405
2/19/2019,2779.76001,2775.600098,59.91877195529575,59.99188567324403
2/20/2019,2784.699951,2779.76001,59.65294492761682,59.91877195529575
2/21/2019,2774.879883,2784.699951,58.69567012027145,59.65294492761682
2/22/2019,2792.669922,2774.879883,59.068015233705,58.69567012027145
2/25/2019,2796.110107,2792.669922,59.32095923198302,59.068015233705
2/26/2019,2793.899902,2796.110107,58.9389858246674,59.32095923198302
2/27/2019,2792.379883,2793.899902,58.6013307438808,58.9389858246674
2/28/2019,2784.48999,2792.379883,58.5862159996795,58.6013307438808
3/1/2019,2803.689941,2784.48999,58.88543335121295,58.5862159996795
3/4/2019,2792.810059,2803.689941,59.02197481186489,58.88543335121295
3/5/2019,2789.649902,2792.810059,58.91117575467737,59.02197481186489
3/6/2019,2771.449951,2789.649902,58.46445248109524,58.91117575467737
3/7/2019,2748.929932,2771.449951,58.18814729452514,58.46445248109524
3/8/2019,2743.070068,2748.929932,57.92070753581773,58.18814729452514
3/11/2019,2783.300049,2743.070068,58.33977144544569,57.92070753581773
3/12/2019,2791.52002,2783.300049,58.3358610828773,58.33977144544569
3/13/2019,2810.919922,2791.52002,58.80974860951918,58.3358610828773
3/14/2019,2808.47998,2810.919922,58.29692955843079,58.80974860951918
3/15/2019,2822.47998,2808.47998,57.96329248541679,58.29692955843079
3/18/2019,2832.939941,2822.47998,58.25864768030634,57.96329248541679
3/19/2019,2832.570068,2832.939941,58.03593251007743,58.25864768030634
3/20/2019,2824.22998,2832.570068,57.06174012721864,58.03593251007743
3/21/2019,2854.879883,2824.22998,57.56427381780521,57.06174012721864
3/22/2019,2800.709961,2854.879883,57.25178831991578,57.56427381780521
3/25/2019,2798.360107,2800.709961,57.62306599247363,57.25178831991578
3/26/2019,2818.459961,2798.360107,57.98500045203149,57.62306599247363
3/27/2019,2805.370117,2818.459961,57.7784031126195,57.98500045203149
3/28/2019,2815.439941,2805.370117,57.89572561685767,57.7784031126195
3/29/2019,2834.399902,2815.439941,58.07127331472476,57.89572561685767
4/1/2019,2867.189941,2834.399902,58.69932040307059,58.07127331472476
4/2/2019,2867.23999,2867.189941,58.70826162749226,58.69932040307059
4/3/2019,2873.399902,2867.23999,58.71583709114569,58.70826162749226
4/4/2019,2879.389893,2873.399902,58.59075093771884,58.71583709114569
4/5/2019,2892.73999,2879.389893,58.44979283216536,58.59075093771884
4/8/2019,2895.77002,2892.73999,59.17771263124265,58.44979283216536
4/9/2019,2878.199951,2895.77002,59.4233724384943,59.17771263124265
4/10/2019,2888.209961,2878.199951,59.11631235337734,59.4233724384943
4/11/2019,2888.320068,2888.209961,59.06343995607003,59.11631235337734
4/12/2019,2907.409912,2888.320068,59.56166787058316,59.06343995607003
4/15/2019,2905.580078,2907.409912,59.68829342676412,59.56166787058316
4/16/2019,2907.060059,2905.580078,59.87666394953178,59.68829342676412
4/17/2019,2900.449951,2907.060059,60.01760535781687,59.87666394953178
4/18/2019,2905.030029,2900.449951,59.98143556812608,60.01760535781687
4/22/2019,2907.969971,2905.030029,60.20530388215213,59.98143556812608
4/23/2019,2933.679932,2907.969971,60.82172858374776,60.20530388215213
4/24/2019,2927.25,2933.679932,60.56983988014878,60.82172858374776
4/25/2019,2926.169922,2927.25,60.14753040608193,60.56983988014878
4/26/2019,2939.879883,2926.169922,60.16198630984929,60.14753040608193
4/29/2019,2943.030029,2939.879883,60.15588692928419,60.16198630984929
4/30/2019,2945.830078,2943.030029,59.93506630302991,60.15588692928419
5/1/2019,2923.72998,2945.830078,59.69450223927524,59.93506630302991
5/2/2019,2917.52002,2923.72998,59.99920956533661,59.69450223927524
5/3/2019,2945.639893,2917.52002,60.44998763674248,59.99920956533661
5/6/2019,2932.469971,2945.639893,59.85020711071522,60.44998763674248
5/7/2019,2884.050049,2932.469971,59.21146073686767,59.85020711071522
5/8/2019,2879.419922,2884.050049,59.43427145633015,59.21146073686767
5/9/2019,2870.719971,2879.419922,59.11212311608377,59.43427145633015
5/10/2019,2881.399902,2870.719971,59.1735450937184,59.11212311608377
